config,family,pattern,width,center_lat,n_gliders_cell,n_gliders_total,cell_height_deg,min_depth,max_depth,nc_path,mean_true_25,mean_est_25,mean_bias_25,std_true_25,std_est_25,std_ratio_25,corr_25,js_25,ks_25,adv_mean_true_25,adv_mean_est_25,adv_mean_bias_25,adv_std_true_25,adv_std_est_25,adv_std_ratio_25,adv_corr_25,adv_js_25,adv_ks_25,mean_true_50,mean_est_50,mean_bias_50,std_true_50,std_est_50,std_ratio_50,corr_50,js_50,ks_50,adv_mean_true_50,adv_mean_est_50,adv_mean_bias_50,adv_std_true_50,adv_std_est_50,adv_std_ratio_50,adv_corr_50,adv_js_50,adv_ks_50,mean_true_70,mean_est_70,mean_bias_70,std_true_70,std_est_70,std_ratio_70,corr_70,js_70,ks_70,adv_mean_true_70,adv_mean_est_70,adv_mean_bias_70,adv_std_true_70,adv_std_est_70,adv_std_ratio_70,adv_corr_70,adv_js_70,adv_ks_70
equator_1deg_w0.25,equator,equator_1deg,0.25,0.0,2,2,1.0,8,80,data_heat/equator_1deg_w0.25__cell_+0.00.nc,2.688928134375601e-06,2.7304378515057637e-06,4.150998391675652e-08,1.5957477444317192e-05,1.4613422347029302e-05,0.9157727089398746,0.867386679629538,0.21445216750917462,0.08950617283950617,-2.3179711483578558e-09,1.5037450655670637e-08,1.735542256211604e-08,1.7006981067879678e-07,1.265295436967663e-07,0.7439859149119473,0.8241404011404349,0.16017581772883083,0.07561728395061729,3.0380094813153846e-06,2.1164657144800753e-06,-9.215443896251938e-07,2.4622519049444236e-05,2.3483834121500934e-05,0.953754328480497,0.8832491821821327,0.21256292731115814,0.06944444444444445,1.6964918359008152e-07,2.6762575787315797e-07,9.797651833113429e-08,1.2501309356593993e-06,1.1660130657062832e-06,0.9327127522776268,0.8975442848642095,0.1665767764951116,0.037037037037037035,-2.5883207399601815e-07,-3.4053516915647052e-06,-3.1465206015881373e-06,4.0220511436928064e-05,3.785837862352599e-05,0.9412704431392857,0.9057132381781563,0.20497850768203357,0.07253086419753087,3.798577949964965e-07,5.566063109925207e-07,1.7674844287139036e-07,2.5069307412195485e-06,2.443883418756382e-06,0.9748507920755338,0.8996840272809559,0.22678425984052875,0.05864197530864197
equator_1deg_w0.5,equator,equator_1deg,0.5,0.0,2,2,1.0,8,80,data_heat/equator_1deg_w0.5__cell_+0.00.nc,2.859387450371287e-06,1.8723824278455106e-06,-9.870042070580556e-07,1.3063896403764375e-05,1.0832881345404727e-05,0.8292228452059083,0.8546102364391112,0.23715881989041954,0.12345679012345678,-1.9051966670957654e-09,1.2141614563723718e-08,1.4046814267463632e-08,1.4869786468807433e-07,1.1755456345627179e-07,0.7905598624625021,0.8796400137456201,0.16119405621042096,0.0941358024691358,3.0879391488269903e-06,1.2085485570360694e-06,-1.8793891303591222e-06,2.0283407138776965e-05,1.7249212327982016e-05,0.8504100031106557,0.8596766020726009,0.1703235118712387,0.08796296296296297,1.6120947066156077e-07,2.2994631575289423e-07,6.873691929651818e-08,1.1616015171966865e-06,1.0327821072372248e-06,0.8891018924714011,0.9182970433494436,0.19369846170843136,0.043209876543209874,-5.178411583983689e-07,-3.0268930405724303e-06,-2.5090494519808412e-06,3.708285657921806e-05,3.2862847837723054e-05,0.8862005484264667,0.9188610634454266,0.17902293383460663,0.09259259259259259,3.6269616998652054e-07,4.807028876154279e-07,1.1800663379541834e-07,2.3801021598046646e-06,2.1341128784067172e-06,0.8966475954048394,0.9221660815871161,0.18193467396517757,0.06172839506172839
equator_1deg_w0.75,equator,equator_1deg,0.75,0.0,2,2,1.0,8,80,data_heat/equator_1deg_w0.75__cell_+0.00.nc,2.9979478313180152e-06,1.6287667239661237e-06,-1.3691802250896924e-06,1.1781997272919398e-05,9.809308525247083e-06,0.8325675433479783,0.8487735045560827,0.24309997558390553,0.14969135802469136,-3.421161687278129e-10,1.0444369546014116e-08,1.0786487208997397e-08,1.3788174157980393e-07,1.2530900852033623e-07,0.9088150982471397,0.9165896805567613,0.1516694235070398,0.13271604938271606,3.168839157297043e-06,1.4793883563960473e-06,-1.6894519071094e-06,1.8437935068504885e-05,1.6354940195884153e-05,0.8870266727330632,0.8361263127264733,0.21309907085836355,0.11419753086419752,1.590633758041804e-07,1.840323012721628e-07,2.4968943715699237e-08,1.082877588487463e-06,9.292675049007136e-07,0.8581464006459786,0.9364136803068844,0.1568680791516067,0.037037037037037035,-3.8357123344212596e-07,-1.417528207572909e-06,-1.0339567716165104e-06,3.47542627423536e-05,3.16458693323018e-05,0.9105608013297394,0.9137591534260393,0.18250607272726038,0.0787037037037037,3.7238714867271483e-07,4.790152222980373e-07,1.0662780773847298e-07,2.252432068416965e-06,1.9879937682710807e-06,0.8825987678590748,0.9264732540976532,0.20873357273630352,0.04938271604938271
equator_2deg_w0.25,equator,equator_2deg,0.25,0.0,2,2,2.0,8,80,data_heat/equator_2deg_w0.25__cell_+0.00.nc,4.348486982053146e-06,3.12889762199759e-06,-1.219589010039927e-06,1.336512741545448e-05,1.4502908919196116e-05,1.0851306140505617,0.7884951450104051,0.27505795064409155,0.16666666666666666,7.075699581804429e-09,1.8099643821278012e-08,1.1023941088622793e-08,1.0863602284416629e-07,1.0817616511291582e-07,0.995766986684425,0.5563881199144435,0.16738537718572927,0.06481481481481481,4.378626726975199e-06,2.663723968809501e-06,-1.7149010876184265e-06,2.104904160660226e-05,2.4519781851271243e-05,1.1648882789789512,0.8084091917904833,0.22492440835242627,0.10030864197530864,2.575550013261818e-07,2.9018538026189756e-07,3.26304708880103e-08,9.934419722412713e-07,9.00048676088238e-07,0.9059901848697496,0.7761568508621395,0.2001952219723774,0.10030864197530864,-2.898781872318068e-07,-6.084770680094084e-06,-5.794892581260706e-06,2.9796274247928523e-05,3.495476569971019e-05,1.1731253850350198,0.7536698049456192,0.24904572546811846,0.1419753086419753,4.227647139032342e-07,8.474508659985195e-07,4.246861704396643e-07,2.0198326637910213e-06,2.652181678904751e-06,1.313070001515311,0.7494619673852407,0.2349831500956628,0.09567901234567901
equator_2deg_w0.5,equator,equator_2deg,0.5,0.0,2,2,2.0,8,80,data_heat/equator_2deg_w0.5__cell_+0.00.nc,4.019662810605951e-06,2.2935676911844263e-06,-1.7260943757160155e-06,1.1183638889633585e-05,1.070508436814204e-05,0.9572094086536422,0.7739571617451397,0.3073009280468994,0.18364197530864199,7.57417328856036e-09,1.6300656580767973e-08,8.72648202249712e-09,9.726906569085259e-08,9.22480770299333e-08,0.9483804164740582,0.6106603369761511,0.18132793502064623,0.06944444444444445,3.6687142710434273e-06,1.524278581111203e-06,-2.144434761994112e-06,1.7833972378866747e-05,1.7851326991295256e-05,1.0009731209659758,0.7867557304518596,0.23003851332423653,0.13580246913580246,2.568010586401215e-07,2.647867483517486e-07,7.985827905106703e-09,9.360509807265771e-07,7.977023434485277e-07,0.8521996770190219,0.7812269979570103,0.21517280928271643,0.11882716049382716,-8.701605906935583e-07,-5.945579797525656e-06,-5.075419266257812e-06,2.7555517590371892e-05,2.9255623145455972e-05,1.0616974640199868,0.7805808724241479,0.23256266766901312,0.13580246913580246,4.301184048927098e-07,7.554416279990375e-07,3.25323194434476e-07,1.9526007690728875e-06,2.3085069892732374e-06,1.1822729079274805,0.7677170841464273,0.25773304732909896,0.0787037037037037
equator_2deg_w0.75,equator,equator_2deg,0.75,0.0,2,2,2.0,8,80,data_heat/equator_2deg_w0.75__cell_+0.00.nc,4.217227797198575e-06,2.0450837428026554e-06,-2.1721432144477808e-06,1.0629569260345306e-05,9.114619575882135e-06,0.8574777916810942,0.7769366734246794,0.2767297049157088,0.1867283950617284,8.28599056035273e-09,1.6261953367497548e-08,7.97596602421095e-09,9.13786095679825e-08,9.176477148284399e-08,1.0042259552502186,0.6759279120751224,0.15762017913202903,0.09259259259259259,3.876632945321035e-06,1.6400168298626939e-06,-2.236616900188645e-06,1.707500450720545e-05,1.567763460639294e-05,0.9181628385384709,0.7842932603975925,0.22699985168223652,0.1404320987654321,2.5302563244622434e-07,2.1640418732341174e-07,-3.662144264917718e-08,8.800457749202906e-07,6.78565924427132e-07,0.7710575333295505,0.7849058008710655,0.18188758081579853,0.12345679012345678,-6.316720373433782e-07,-4.2980644708828985e-06,-3.666392574606377e-06,2.62419071077602e-05,2.6978842262602424e-05,1.0280823780000463,0.7799884073792013,0.228809771715471,0.12654320987654322,4.3014517814299325e-07,7.247638512076285e-07,2.9461875389268374e-07,1.8804878436640138e-06,2.1045768811617384e-06,1.119165374162218,0.7740004459796594,0.27292058386311113,0.07561728395061729
equator_hex1deg_w0.25,equator,equator_hex1deg,0.25,0.0,6,6,1.0,8,80,data_heat/equator_hex1deg_w0.25__cell_+0.00.nc,3.431700861256104e-06,1.2334611534277317e-06,-2.1982399206135796e-06,1.4728589121659752e-05,1.189693869286107e-05,0.8077446247288902,0.9429345954866788,0.20430653541625465,0.10030864197530864,5.311290851572892e-10,4.713989467811518e-10,-5.9731971946058e-11,1.479838260820543e-07,1.1178081225976178e-07,0.7553583065069651,0.9394376275617629,0.19165329625109873,0.05709876543209876,3.806486802204745e-06,1.5896527706567e-06,-2.2168337059993857e-06,2.2451884433394298e-05,1.809774557945287e-05,0.8060679999107243,0.9269163780497665,0.16996169531442035,0.07098765432098765,1.9649331761684152e-07,1.575746890132527e-07,-3.891865451590304e-08,1.159465455202735e-06,1.0592432309765094e-06,0.913561698818615,0.974556936958021,0.16308466351829604,0.06944444444444445,1.3098957651891396e-07,-1.3932860451741863e-06,-1.5242756481904222e-06,3.715963612194173e-05,3.3063520768389754e-05,0.8897697668483536,0.9550633219380932,0.19146284036948896,0.038580246913580245,3.8627356957476877e-07,4.05355941962297e-07,1.9082256668365876e-08,2.349938085899339e-06,2.22119084868922e-06,0.9452124981578625,0.9529316312672474,0.19169903820246895,0.046296296296296294
equator_hex1deg_w0.5,equator,equator_hex1deg,0.5,0.0,6,6,1.0,8,80,data_heat/equator_hex1deg_w0.5__cell_+0.00.nc,3.1706952086096862e-06,1.0802801428369548e-06,-2.090414581869004e-06,1.1934344911423977e-05,9.680590454358527e-06,0.811153902975598,0.9365872671278374,0.22134547919187358,0.14660493827160495,1.2263299264958505e-09,1.3439207168844868e-09,1.175904244851269e-10,1.2816173011742649e-07,1.0171804476898025e-07,0.7936694103285157,0.9485392005491156,0.13870157716668458,0.06790123456790123,3.140265562251443e-06,1.2375171573553514e-06,-1.9027478952160046e-06,1.8255381291965023e-05,1.582208515600107e-05,0.8667080080636306,0.9209706188419005,0.2042137737503566,0.08179012345679013,1.9078649415860127e-07,1.3434372940099246e-07,-5.6442724224702584e-08,1.0693421472751652e-06,9.384234523494074e-07,0.8775708081278222,0.9761926880463023,0.1609087720853781,0.09567901234567901,-4.5354101985140005e-07,-1.517436883069417e-06,-1.0638955503928073e-06,3.3671367418719456e-05,2.9849948627772077e-05,0.886508357577932,0.9615634998119826,0.1767965838687092,0.05092592592592592,3.9967719089872844e-07,4.0295111601248655e-07,3.2738326787820634e-09,2.2163105768413516e-06,2.0125519983836044e-06,0.9080640680115598,0.9585132726861071,0.17805204583839274,0.05709876543209876
equator_hex1deg_w0.75,equator,equator_hex1deg,0.75,0.0,6,6,1.0,8,80,data_heat/equator_hex1deg_w0.75__cell_+0.00.nc,3.4260813208675245e-06,1.1158173028760123e-06,-2.3102635218712253e-06,1.0899733752012253e-05,8.760021156390756e-06,0.8036912970258128,0.9187422302857042,0.24802866768307222,0.16358024691358025,2.6566036037678487e-09,1.2207989349675618e-09,-1.43580656231521e-09,1.212287941143586e-07,9.569704944018283e-08,0.7893920758620189,0.9440178886306398,0.12951176567497188,0.07716049382716049,3.4747408790281042e-06,1.4192991304363864e-06,-2.0554385776083525e-06,1.7258062143810093e-05,1.528898827476908e-05,0.8859041152689756,0.9081437439243312,0.18405583994088057,0.10802469135802469,1.873270178975872e-07,1.1494235843287553e-07,-7.238459775608952e-08,9.8014970717486e-07,8.251869329082816e-07,0.8418988720475812,0.973425629164242,0.1907141074007761,0.09259259259259259,3.813165605492941e-08,-6.179113448713647e-07,-6.560417493458345e-07,3.1842089811107144e-05,2.8467382035066302e-05,0.8940173903138833,0.9591656494256247,0.19624239494408685,0.046296296296296294,4.065325072133419e-07,3.590000674315819e-07,-4.753230174677209e-08,2.088884457407403e-06,1.8089351237025389e-06,0.8659814176355546,0.9591033062493852,0.17262523498220253,0.041666666666666664
equator_hex2deg_w0.25,equator,equator_hex2deg,0.25,0.0,4,4,2.0,8,80,data_heat/equator_hex2deg_w0.25__cell_+0.00.nc,4.56018460681662e-06,1.8876854100547935e-06,-2.6724992976331293e-06,1.2080719898222014e-05,8.594104906557729e-06,0.711390130634729,0.7947175148047799,0.2695478208201135,0.18364197530864199,1.0224223245813846e-08,5.160270885570441e-09,-5.063954778049052e-09,9.410654655539474e-08,4.7114342791380054e-08,0.5006489401207251,0.8007254155827869,0.1892269238712915,0.09104938271604938,4.243162948114332e-06,2.810475578291558e-06,-1.4326852895238786e-06,1.9547163901734166e-05,1.515294653524902e-05,0.7751992366475576,0.7676024018050236,0.29200345659873567,0.11728395061728394,2.8969304821657715e-07,1.3786937619457733e-07,-1.5182354679909034e-07,9.455024496674014e-07,5.24527861871786e-07,0.5547609760887439,0.8395690837672053,0.211353422130226,0.15432098765432098,-6.433076009670913e-07,4.93315158890004e-07,1.1366227238611968e-06,2.7195606890018098e-05,2.375246971486987e-05,0.8733936260708343,0.7721904998610442,0.2600774130060648,0.08333333333333333,4.467975145416858e-07,3.938351883320675e-07,-5.296227043084833e-08,1.950558726093732e-06,1.7299230228253557e-06,0.8868858956580968,0.8253203787295048,0.1974340873515167,0.08179012345679013
equator_hex2deg_w0.5,equator,equator_hex2deg,0.5,0.0,4,4,2.0,8,80,data_heat/equator_hex2deg_w0.5__cell_+0.00.nc,4.637621714209672e-06,1.8280482101716405e-06,-2.8095755617637606e-06,1.1244198503845837e-05,8.375481974380522e-06,0.7448714082658597,0.8211553463820617,0.30938138149709604,0.18518518518518517,9.917465071396236e-09,3.652656303822729e-09,-6.26481048682167e-09,8.589770317257717e-08,4.8087078141002376e-08,0.5598179737634029,0.815719310668811,0.22614443666079173,0.08024691358024691,4.1796156438067555e-06,2.7226484380994876e-06,-1.45696714528064e-06,1.8220816855318844e-05,1.459180242429649e-05,0.8008314083919346,0.8218603782668068,0.2548778949672786,0.1095679012345679,2.853162470728421e-07,1.1564787930838172e-07,-1.6966839369810518e-07,8.848675747685775e-07,4.705028315094663e-07,0.5317211805761088,0.8721011272893222,0.2262795604199111,0.16049382716049382,-8.001622973097255e-07,9.121691323065032e-08,8.913787648749219e-07,2.5546432880219072e-05,2.0671951648026785e-05,0.8091913162574388,0.8702174813164975,0.2183088589980743,0.08641975308641975,4.344236117503897e-07,3.795148966651307e-07,-5.4908763307658876e-08,1.874576469163003e-06,1.6992252092698993e-06,0.9064581985436967,0.8798422534912568,0.21854007046821458,0.09104938271604938
equator_hex2deg_w0.75,equator,equator_hex2deg,0.75,0.0,4,4,2.0,8,80,data_heat/equator_hex2deg_w0.75__cell_+0.00.nc,4.835141226067208e-06,1.4917212967524996e-06,-3.3434191096576103e-06,1.0544433280301746e-05,7.70429435144028e-06,0.7306503959613285,0.8252980082306081,0.287804917109656,0.21450617283950618,1.0966242136589699e-08,2.7838987112214047e-09,-8.182350640399125e-09,8.125348216481143e-08,4.635888093634996e-08,0.5705463901512232,0.8189527030671553,0.21335731586292167,0.09259259259259259,4.470361091080122e-06,2.2644359758857026e-06,-2.2059229878371442e-06,1.7130087144323625e-05,1.3708755886764539e-05,0.800273563775021,0.8433997097265411,0.27800250105477936,0.12962962962962962,2.861482073512889e-07,1.0636242683760478e-07,-1.797856991888196e-07,8.192115501515218e-07,4.396869167496674e-07,0.5367196259236612,0.8639909210743363,0.23613730792092114,0.15432098765432098,-4.2671024402807234e-07,-4.908098638202644e-07,-6.409946867027472e-08,2.4260623831651174e-05,2.0144180049369435e-05,0.8303240753062873,0.8857663232263493,0.22475137323869696,0.07561728395061729,4.281063468170032e-07,4.2802674943026644e-07,-7.965598355380798e-11,1.764318312780233e-06,1.6589506559140595e-06,0.9402785449184994,0.8941480390026907,0.2176819524105862,0.08333333333333333
equator_sq1deg_w0.25,equator,equator_sq1deg,0.25,0.0,4,4,1.0,8,80,data_heat/equator_sq1deg_w0.25__cell_+0.00.nc,3.8967882574070245e-06,1.4159607644888435e-06,-2.4808288562309373e-06,1.3564450455305632e-05,9.503445274657807e-06,0.7006141019845449,0.8346101343980104,0.2430735255991175,0.15123456790123457,5.413371084728169e-09,1.441138138799994e-09,-3.972237160709236e-09,1.2092772294636234e-07,7.297294297655752e-08,0.6034426283617759,0.8542732103531087,0.18810459707934335,0.07561728395061729,4.023552264698083e-06,2.648069500509049e-06,-1.375480249065124e-06,2.0698871594504453e-05,1.6116737558992735e-05,0.7786288003869605,0.7841376507803635,0.25868409612180376,0.07407407407407407,2.394813520822936e-07,9.028075712042979e-08,-1.4920055877082047e-07,1.0601057738313102e-06,7.703868191506137e-07,0.7267075023715528,0.8388679204251432,0.19141962893828873,0.1404320987654321,2.490160397883301e-07,2.774974212452687e-06,2.525958096608598e-06,3.2830525015015155e-05,3.081809479104703e-05,0.9387024659810426,0.7432405198522589,0.231707997236902,0.06018518518518518,4.1310741494271497e-07,2.5885742849363007e-07,-1.5424981628376256e-07,2.2066653855290497e-06,2.0340786716456483e-06,0.9217884528324064,0.8015858718504432,0.2048780795275971,0.08024691358024691
equator_sq1deg_w0.5,equator,equator_sq1deg,0.5,0.0,4,4,1.0,8,80,data_heat/equator_sq1deg_w0.5__cell_+0.00.nc,3.830380592262372e-06,1.414206217640063e-06,-2.416175051163898e-06,1.1368049854354467e-05,8.75765062447107e-06,0.7703740515455694,0.8388310859963222,0.26885175814541706,0.18055555555555555,6.035341559851304e-09,1.3107791454579178e-10,-5.904262072506953e-09,1.0689281992881661e-07,7.271969277380772e-08,0.6803047465885371,0.866595323954045,0.20714771808151053,0.08487654320987655,3.6083226859773276e-06,2.4570378789349506e-06,-1.1512843816103962e-06,1.7703245248412713e-05,1.5019084660100244e-05,0.8483803082063085,0.8042603100205804,0.25853606424118375,0.11574074074074074,2.3477571176044876e-07,9.491019799141275e-08,-1.3986543361187595e-07,9.687497595223249e-07,6.433126398866057e-07,0.664064825372254,0.8816451758553995,0.26378436873795585,0.18055555555555555,-2.3802525106475514e-07,1.3132582202507788e-06,1.551282421806632e-06,3.026297599717509e-05,2.5974637193345494e-05,0.8582975182536611,0.8254402295393503,0.2200426510291731,0.06327160493827161,4.1341496626046137e-07,2.778182410735572e-07,-1.3559653320689885e-07,2.098641061820672e-06,1.9917385269465662e-06,0.9490610677457333,0.8716681873513269,0.21753451235964733,0.10030864197530864
equator_sq1deg_w0.75,equator,equator_sq1deg,0.75,0.0,4,4,1.0,8,80,data_heat/equator_sq1deg_w0.75__cell_+0.00.nc,4.0746003833191935e-06,1.0875906694258978e-06,-2.9870102897975047e-06,1.046222314471379e-05,7.852975502094332e-06,0.7506029448494584,0.8112933618086615,0.28442391676662376,0.21296296296296297,7.515005506775196e-09,-2.1928709524362537e-09,-9.707871357099841e-09,1.0057207333602491e-07,6.86638686695315e-08,0.6827329535120173,0.8073143544640781,0.1984051503110693,0.10493827160493827,3.914672561222687e-06,2.0171002795119416e-06,-1.8975709286202622e-06,1.6724701708881184e-05,1.4325725173135878e-05,0.8565608775867496,0.8067053797401564,0.2466658883301857,0.12345679012345678,2.3646107649710757e-07,8.649712776402656e-08,-1.499640213639826e-07,8.902745776140364e-07,5.769421152405159e-07,0.6480496351886613,0.8819018127174453,0.25742832836100943,0.19598765432098766,1.434953844636766e-07,-4.985781922444093e-08,-1.933535836420736e-07,2.895055149565451e-05,2.4512484133522387e-05,0.8467018024579505,0.8398259466298549,0.19897702805619424,0.047839506172839504,4.173886338776356e-07,3.4989030317627127e-07,-6.749810487617545e-08,1.973329517568345e-06,1.8992211715311583e-06,0.9624450222948534,0.8792485346177206,0.19078782300557406,0.10802469135802469
equator_sq2deg_w0.25,equator,equator_sq2deg,0.25,0.0,4,4,2.0,8,80,data_heat/equator_sq2deg_w0.25__cell_+0.00.nc,5.3625544751412235e-06,6.110325820496301e-07,-4.751523529974266e-06,1.190539842355065e-05,1.0763225915184599e-05,0.9040626388356172,0.43693924956409197,0.33662891078189716,0.24074074074074073,9.648347898405518e-09,4.358242219862207e-09,-5.290107087037043e-09,8.145457996988625e-08,4.116256565862477e-08,0.5053437839080696,0.41293999484215804,0.22487414697192507,0.10030864197530864,5.521552338905167e-06,5.922185155846935e-07,-4.929335018435813e-06,1.9641416656668298e-05,1.9739001565917665e-05,1.0049683233625737,0.43401211428261427,0.2827103111909294,0.13425925925925927,3.0636297765340714e-07,3.374104904130782e-08,-2.7262184230037564e-07,9.161918228528521e-07,3.585629045301146e-07,0.39136226234110666,0.4377422911450131,0.2774782498880337,0.17592592592592593,-3.96231854438156e-07,1.6982460783974828e-07,5.66055642845591e-07,2.6030116714537144e-05,2.697472458846978e-05,1.0362890372060873,0.336084821095532,0.19865240978812995,0.05092592592592592,4.744117063637532e-07,2.414008353988672e-07,-2.3301050311120478e-07,1.8698979147302452e-06,2.055096515396607e-06,1.0990420916604309,0.4299881093401258,0.27059953174476065,0.1111111111111111
equator_sq2deg_w0.5,equator,equator_sq2deg,0.5,0.0,4,4,2.0,8,80,data_heat/equator_sq2deg_w0.5__cell_+0.00.nc,5.300826160237193e-06,2.2668208476958513e-07,-5.074142725428186e-06,1.1023666957044043e-05,9.10289350333946e-06,0.8257591179786847,0.5998817017031121,0.3549040280633136,0.2762345679012346,1.0051936172317255e-08,3.833021918463324e-09,-6.218915126441921e-09,7.622158193498763e-08,3.323637215581065e-08,0.4360493617694691,0.5656760380662816,0.23493231709259021,0.1095679012345679,5.254851203062572e-06,1.0826703596611152e-07,-5.146584125242422e-06,1.817362499423325e-05,1.6687751870381088e-05,0.918240135123089,0.5658119325322745,0.29910579826198197,0.1867283950617284,2.965931571452529e-07,3.675220099281398e-08,-2.598409607342504e-07,8.203912216231402e-07,2.528259958524418e-07,0.308177353911987,0.5448577419615638,0.28768208006786034,0.18209876543209877,-5.60812225103291e-07,-7.342244495563759e-07,-1.734130438459907e-07,2.3708658773102798e-05,2.2905799310150913e-05,0.9661364453115872,0.417495806890972,0.26007176693008216,0.07561728395061729,4.5761638034491625e-07,2.778417115869453e-07,-1.797746658439779e-07,1.7543943613418378e-06,1.62041820235644e-06,0.9236339548635308,0.5618313819379345,0.2530948586489655,0.11728395061728394
equator_sq2deg_w0.75,equator,equator_sq2deg,0.75,0.0,4,4,2.0,8,80,data_heat/equator_sq2deg_w0.75__cell_+0.00.nc,5.3760127229907084e-06,8.373531223666956e-08,-5.29227626960376e-06,1.0145896339963656e-05,7.879826756326545e-06,0.7766516128583639,0.6246204076683096,0.37236382200535895,0.30092592592592593,1.142410610555089e-08,3.978615394709895e-09,-7.4454917716511624e-09,7.094187992606749e-08,2.9156895366696528e-08,0.41099693717001246,0.6245919267000929,0.23412445083457178,0.12191358024691358,5.375072305469075e-06,3.884391297325387e-08,-5.336229751370422e-06,1.6535130271222442e-05,1.4337026069958069e-05,0.8670645973022704,0.5928517910841272,0.3416972222042111,0.23148148148148148,2.92703703053121e-07,2.6249077637886385e-08,-2.664546920293869e-07,7.270278956639231e-07,2.0831914430622459e-07,0.28653528365096254,0.4460264002112913,0.30992223256943285,0.21450617283950618,-2.855070420082484e-07,-9.107024963723497e-07,-6.251956666579313e-07,2.174486144213006e-05,1.9753881913346183e-05,0.9084390795461033,0.45774651623635826,0.24831311253334454,0.07561728395061729,4.636006565306161e-07,3.1304011794741816e-07,-1.5056059317815792e-07,1.645325824028987e-06,1.3781157772766553e-06,0.8375944491663044,0.6125691914695915,0.2529631376067913,0.1404320987654321
shift_w0.5,shift,shift,0.5,-1.5,2,8,1.0,8,80,data_heat/shift_w0.5__cell_-1.50.nc,5.1964539125037845e-06,1.1847441220559931e-06,-4.011711404686712e-06,1.1370304491720162e-05,8.94409520011188e-06,0.7866187934214915,0.8579540090618984,0.24256886576306677,0.1697530864197531,-9.35648358790786e-09,9.442061973292518e-10,1.0300687184327126e-08,6.215559267275239e-08,3.4646824763325316e-08,0.5574208735445572,0.5210304669186562,0.19643997220059536,0.06944444444444445,8.95506855158601e-06,1.7898482478183511e-06,-7.165219676395704e-06,2.068988760584034e-05,1.6808677538300183e-05,0.8124102875046759,0.8654882803870654,0.2408023935674287,0.16820987654320987,-3.875396892283334e-09,-2.7976040194757723e-09,1.077790120739034e-09,7.070541130360652e-08,4.847351841863093e-08,0.6855701356504011,0.45005096531796285,0.1656842591998829,0.033950617283950615,8.849509868014138e-06,1.2675310448462083e-06,-7.581979745256128e-06,2.5272878701798618e-05,2.2322920266033185e-05,0.8832757253112012,0.8808195286060145,0.2158775576950502,0.14506172839506173,3.267016168706505e-08,2.64624326005973e-08,-6.207737783789021e-09,3.631117522218119e-07,2.659891643539507e-07,0.7325270050512369,0.6718455688781495,0.21058013145549298,0.0787037037037037
shift_sq_w0.5,shift,shift,0.5,-1.5,4,16,1.0,8,80,data_heat/shift_sq_w0.5__cell_-1.50.nc,4.003459707746515e-06,1.2909654552325423e-06,-2.7124929344959173e-06,9.421328286407515e-06,7.766862046296818e-06,0.824391403227329,0.8041673465075833,0.2452820826855912,0.13580246913580246,-5.946191983241533e-09,-4.381642516010285e-09,1.5645473852471872e-09,4.137153908345681e-08,3.245847805071845e-08,0.7845605643348567,0.7631320738068095,0.17343904710170718,0.035493827160493825,6.832908184151165e-06,2.2588460821996096e-06,-4.57406015075035e-06,1.731500196910929e-05,1.4685396169017704e-05,0.8481313600320164,0.811017304797014,0.21716377825168673,0.125,-2.8560294129675867e-09,-1.8395690848927084e-08,-1.553966249003724e-08,5.2219700563682636e-08,7.12974765137312e-08,1.3653367549816369,0.4028001054361435,0.2266885289535669,0.13117283950617284,6.904510883032344e-06,2.7636422841197617e-06,-4.14086895768184e-06,2.1614656361634843e-05,1.9768066071264383e-05,0.9145676776222968,0.8162246006644476,0.21967005214737748,0.10030864197530864,3.404144521823582e-08,-2.857264054269549e-08,-6.261409032040031e-08,2.8629131065827096e-07,2.1728881093511607e-07,0.7589780159080025,0.5199584900311971,0.25944681108843776,0.2006172839506173
shift_w0.5_mid,shift,shift,0.5,-1.0,2,6,1.0,8,80,data_heat/shift_w0.5_mid__cell_-1.00.nc,2.5109757189056836e-06,1.5884124468735702e-07,-2.352134280073213e-06,1.6044901713030413e-05,1.3287185496742241e-05,0.8281250788810647,0.9189770869307611,0.20463313612960654,0.11728395061728394,-1.0137676115240524e-10,-1.2195892406563854e-09,-1.1182129437312418e-09,6.52125891065225e-08,5.165779753445608e-08,0.7921445573963466,0.8310456956655796,0.1902726845347152,0.046296296296296294,3.998678948846646e-06,2.8335041683964177e-07,-3.715328251131541e-06,2.940845297416672e-05,2.4796032173050185e-05,0.8431600327576487,0.9192081038910568,0.20061723715022933,0.10185185185185185,1.515012293396012e-08,-1.9903742260169486e-08,-3.505386792953153e-08,1.4797778646880033e-07,2.0221603278949066e-07,1.3665296502602162,0.6777428686508018,0.26636221470524063,0.1111111111111111,4.3620102587738074e-06,3.8787755641159536e-07,-3.9741333794557095e-06,3.538385863066651e-05,3.1459470079306486e-05,0.889090995068615,0.9157295101934237,0.19563740901925616,0.09876543209876543,1.0638069625201751e-07,-1.1244437502198543e-09,-1.075051059569614e-07,5.64811898584594e-07,5.885978938864345e-07,1.0421131271516193,0.7632746231885972,0.22801002155347058,0.1388888888888889
shift_hex_w0.5_mid,shift,shift,0.5,-1.0,4,12,1.0,8,80,data_heat/shift_hex_w0.5_mid__cell_-1.00.nc,2.5285517040174454e-06,6.894077313119727e-07,-1.8391441347020877e-06,1.523582795925904e-05,1.3075884855975761e-05,0.8582326402569642,0.9599423820599734,0.21080578929676322,0.09876543209876543,4.189040780921971e-10,3.295229048943012e-09,2.8763227061164467e-09,6.193348411898114e-08,4.786847886368162e-08,0.7729014368337639,0.9257506912186185,0.1824473640669412,0.06790123456790123,3.924028987967176e-06,1.1475279590603597e-06,-2.7764999039904735e-06,2.7826092264149338e-05,2.438139838458201e-05,0.8762063373158072,0.9650897382700893,0.21020020711951146,0.09259259259259259,2.0637633824094337e-08,5.002039060519047e-09,-1.5635593956451017e-08,1.5714819312506734e-07,1.7424377779812362e-07,1.108786390305173,0.7981266837229436,0.2083734596593263,0.05709876543209876,4.126503426959971e-06,1.3289910361509684e-06,-2.797512058624793e-06,3.3614000130910426e-05,3.0932248695819805e-05,0.9202192114997774,0.9655330178522199,0.21355886828793205,0.08487654320987655,1.1636031160833227e-07,7.738929417219522e-08,-3.8971092373621265e-08,5.56883605895564e-07,6.099504170838639e-07,1.095292464397402,0.8591433789192036,0.21152066692244031,0.08024691358024691
shift_sq_w0.5_mid,shift,shift,0.5,-1.0,4,12,1.0,8,80,data_heat/shift_sq_w0.5_mid__cell_-1.00.nc,2.662090992089361e-06,8.740722588222892e-07,-1.7880181458981829e-06,1.4116783859208226e-05,1.1223952637061918e-05,0.7950785921922757,0.8923155255555748,0.20307700288413774,0.07561728395061729,1.9251351623950086e-09,6.993698947837271e-09,5.068566845842487e-09,6.053864609611992e-08,4.2687582723452585e-08,0.7051294582253392,0.8139260957891306,0.18380973198697706,0.11728395061728394,4.003222329629352e-06,1.6449794202866576e-06,-2.3582432277848103e-06,2.5782515876926482e-05,2.124128989547996e-05,0.8238641254746363,0.8956600943022541,0.19539319060895588,0.05092592592592592,3.161568784548763e-08,4.379121826126468e-09,-2.7236575840512174e-08,1.789981070032809e-07,1.6945819139746943e-07,0.946703818461965,0.6601826878719466,0.1956419413649481,0.06172839506172839,4.1287203202955425e-06,2.067031866820869e-06,-2.0616876507203786e-06,3.105085124843754e-05,2.807322935386018e-05,0.9041049834430163,0.8973152194605746,0.18854757746326997,0.05555555555555555,1.287979642938808e-07,1.2332462549435793e-07,-5.473346993799606e-09,5.551943331738585e-07,6.231318617905623e-07,1.122367114643134,0.8239458314333187,0.23067422645666805,0.06481481481481481
shift_w0.5,shift,shift,0.5,-0.5,2,8,1.0,8,80,data_heat/shift_w0.5__cell_-0.50.nc,2.6219986466458067e-06,2.194041199028138e-06,-4.2795738086379584e-07,1.349473404843593e-05,1.2674549281919822e-05,0.9392218650940238,0.94089749831935,0.20895582490157968,0.06172839506172839,1.8267529711124553e-08,1.162676255978311e-08,-6.640779576593443e-09,1.0992793875175266e-07,6.087032195634358e-08,0.5537293125617994,0.8558034888272362,0.16328366535467492,0.07098765432098765,2.69120005214063e-06,3.847573091248721e-06,1.1563727432350232e-06,2.6271412934875116e-05,2.4558383296315332e-05,0.9347949178521058,0.935107388724579,0.22429681262636253,0.06944444444444445,1.7047062783603906e-07,7.984156652587651e-08,-9.062917418647767e-08,5.550899118134112e-07,4.481595070234969e-07,0.8073638116740661,0.8874988182237623,0.20289182770840364,0.05401234567901234,2.3543730094388593e-06,4.645657372109949e-06,2.291283513490283e-06,3.4999800845980644e-05,3.361345424661051e-05,0.9603898717746749,0.9485525203475353,0.19268202980075952,0.04938271604938271,3.6427525174076436e-07,2.863646020708362e-07,-7.791045049249139e-08,1.3730231103181723e-06,1.2879024219634322e-06,0.9380049121423638,0.9061198280484702,0.20828387109006224,0.030864197530864196
shift_sq_w0.5,shift,shift,0.5,-0.5,4,16,1.0,8,80,data_heat/shift_sq_w0.5__cell_-0.50.nc,2.5856343199848197e-06,3.9819326787557874e-07,-2.187441114431132e-06,1.2293589861656073e-05,1.0387312626121341e-05,0.8449373000899888,0.856617702923105,0.24199992840513726,0.13271604938271606,1.144904882011133e-08,1.461604788439447e-08,3.1670087508879757e-09,7.967354065385734e-08,7.855409942872769e-08,0.9859496488301797,0.7817794813759734,0.15952041912707143,0.12191358024691358,3.1205165669234702e-06,-3.606180108720029e-07,-3.481135724431071e-06,2.3228914869832806e-05,2.0059041584037e-05,0.8635376080390008,0.8815775481104118,0.2085177962911832,0.11574074074074074,1.2764341761339892e-07,1.4490568307187236e-07,1.7262168019184194e-08,4.4409335941963946e-07,5.846722341815562e-07,1.3165525261301618,0.8585198907124014,0.18023106043936288,0.06790123456790123,2.566608145571081e-06,-2.233615266088245e-06,-4.8002231415379525e-06,3.0846509616822004e-05,2.8095724197248086e-05,0.910823446356025,0.9163323964182998,0.193444315241121,0.12037037037037036,3.1911079645396967e-07,3.3461303599166414e-07,1.550224530520012e-08,1.1862526889672154e-06,1.2311266562010664e-06,1.0378283376309305,0.7674584942853437,0.21695237972794496,0.05864197530864197
shift_w0.5_mid,shift,shift,0.5,0.0,2,6,1.0,8,80,data_heat/shift_w0.5_mid__cell_+0.00.nc,2.859387450371287e-06,1.7511034936537505e-06,-1.1082831412498156e-06,1.3063896403764375e-05,1.0602478848932548e-05,0.8115862619576065,0.8517484293947488,0.2631947957843449,0.13271604938271606,-1.9051966670957654e-09,1.1178313168124203e-08,1.3083512871864118e-08,1.4869786468807433e-07,1.0709819514234639e-07,0.7202403031610967,0.8874486152539856,0.1638759580128253,0.09259259259259259,3.0879391488269903e-06,1.026528262257776e-06,-2.061409425137415e-06,2.0283407138776965e-05,1.7010429874493818e-05,0.8386376981988393,0.851570558152377,0.1960462241055096,0.08641975308641975,1.6120947066156077e-07,2.3025386173108427e-07,6.904446527470824e-08,1.1616015171966865e-06,1.0196109782938639e-06,0.8777631254774091,0.9111438727266704,0.1806812887903441,0.047839506172839504,-5.178411583983689e-07,-3.268353936723107e-06,-2.750510348131515e-06,3.708285657921806e-05,3.233198006720041e-05,0.8718848289945351,0.9118863261300992,0.19151841321021293,0.09722222222222222,3.6269616998652054e-07,4.5922935107737804e-07,9.653309725736821e-08,2.3801021598046646e-06,2.1003731796585423e-06,0.882471859876351,0.9195580306732374,0.19090342346505457,0.06327160493827161
shift_hex_w0.5_mid,shift,shift,0.5,0.0,4,12,1.0,8,80,data_heat/shift_hex_w0.5_mid__cell_+0.00.nc,3.1706952086096862e-06,9.659846497133994e-07,-2.20471007499256e-06,1.1934344911423977e-05,9.547441939400386e-06,0.7999971519392938,0.9346844311969723,0.20963455519529736,0.1527777777777778,1.2263299264958505e-09,9.61292939444071e-10,-2.6503735295528847e-10,1.2816173011742649e-07,9.566457921616365e-08,0.746436390399164,0.9332480770066583,0.1665598706641506,0.07098765432098765,3.140265562251443e-06,1.0747450169091496e-06,-2.0655200356622005e-06,1.8255381291965023e-05,1.564723972478689e-05,0.8571302606357454,0.9164761037765857,0.1979491509014516,0.08641975308641975,1.9078649415860127e-07,1.3192494411409006e-07,-5.88615095116049e-08,1.0693421472751652e-06,9.276487049237694e-07,0.8674947558062209,0.9728309172082288,0.16863010302580386,0.10339506172839506,-4.5354101985140005e-07,-1.7051465691431789e-06,-1.2516052364665686e-06,3.3671367418719456e-05,2.9585321626645413e-05,0.8786492469622003,0.9557554887256775,0.18933297973869567,0.05555555555555555,3.9967719089872844e-07,3.9197582137772796e-07,-7.701461955976535e-09,2.2163105768413516e-06,1.993103376032533e-06,0.899288843747283,0.955531825611565,0.18141404856003665,0.06172839506172839
shift_sq_w0.5_mid,shift,shift,0.5,0.0,4,12,1.0,8,80,data_heat/shift_sq_w0.5_mid__cell_+0.00.nc,3.830380592262372e-06,1.25030181769167e-06,-2.580079451112291e-06,1.1368049854354467e-05,8.54118744702684e-06,0.7513326873522803,0.829687625297971,0.27079389400096315,0.1867283950617284,6.035341559851304e-09,1.4610469533653654e-10,-5.889235291716215e-09,1.0689281992881661e-07,6.378420788485975e-08,0.5967118084014972,0.8386700812792307,0.19325208866294816,0.08641975308641975,3.6083226859773276e-06,2.2121711319194557e-06,-1.3961511286258909e-06,1.7703245248412713e-05,1.4995473344188416e-05,0.8470465800914622,0.7893470626283787,0.24153125207051984,0.11265432098765432,2.3477571176044876e-07,9.601318653532435e-08,-1.3876244506796434e-07,9.687497595223249e-07,6.129449323211084e-07,0.6327175065553996,0.8563819044508495,0.22420814351092822,0.18364197530864199,-2.3802525106475514e-07,1.0338895470848973e-06,1.2719137486407507e-06,3.026297599717509e-05,2.5745968731185626e-05,0.8507414714795033,0.8091889151555735,0.20733345593939614,0.06481481481481481,4.1341496626046137e-07,2.723170070241821e-07,-1.4109776725627433e-07,2.098641061820672e-06,2.0097892149091673e-06,0.9576621993498873,0.8648330693970778,0.2319036142744255,0.12191358024691358
shift_w0.5,shift,shift,0.5,0.5,2,8,1.0,8,80,data_heat/shift_w0.5__cell_+0.50.nc,8.385884029848967e-06,5.295687178531283e-06,-3.090193055740322e-06,2.110494278895203e-05,1.7531766725277298e-05,0.8306948235109545,0.927058184047777,0.24569953476499778,0.14506172839506173,1.3635577111870134e-08,6.7707700582682776e-09,-6.864804980864298e-09,1.4796087555168924e-07,9.509203423593499e-08,0.6426836410731779,0.8830370997632261,0.16522136631837733,0.044753086419753084,7.0341702667064965e-06,5.7455647839850455e-06,-1.2886048094883744e-06,3.600790296331979e-05,3.152998784622337e-05,0.8756407691484298,0.9229694943378615,0.21481696707920964,0.09876543209876543,5.434101808532432e-07,3.4341585670989036e-07,-1.9999411228490162e-07,1.7855887790574343e-06,1.3008570463342586e-06,0.7285311498322403,0.9279878662761032,0.19338060536256693,0.08950617283950617,-3.735933205462061e-06,-3.2199763608185624e-06,5.159562635719541e-07,4.727409759652801e-05,4.471875487432075e-05,0.945946240073868,0.9136437451815861,0.19744399544913616,0.044753086419753084,5.670565883519885e-07,5.280321033374407e-07,-3.9024356961972863e-08,3.6348617413750617e-06,3.906638740417353e-06,1.074769556142589,0.9277217559985752,0.2222687031048294,0.07253086419753087
shift_sq_w0.5,shift,shift,0.5,0.5,4,16,1.0,8,80,data_heat/shift_sq_w0.5__cell_+0.50.nc,8.016011634026654e-06,2.7877888935921663e-06,-5.228226297706936e-06,1.7575610399944708e-05,1.3951452135965245e-05,0.7937961651681318,0.8765984181491406,0.32032722361620003,0.26080246913580246,8.654835070842637e-09,7.955003346229254e-09,-6.998311600064081e-10,1.2849217512211908e-07,7.738652960543025e-08,0.6022664767864815,0.8479333666850405,0.17319392805404338,0.07561728395061729,7.389182883343892e-06,2.158799719717819e-06,-5.230384977412509e-06,3.0383074772544205e-05,2.3963041595120663e-05,0.7886970550056035,0.8630462348868065,0.30982399556324647,0.2021604938271605,4.6554276877941447e-07,2.1428564701215533e-07,-2.512571581143755e-07,1.505009663560486e-06,8.926233646880889e-07,0.5931014174197126,0.9271867497502392,0.2193311491161999,0.06172839506172839,-3.6882304357277462e-06,-4.474887954908431e-06,-7.866574838728523e-07,4.161892502452247e-05,3.200611217855217e-05,0.7690278439362311,0.8574548290826738,0.21293745739096803,0.07407407407407407,5.961219358141534e-07,5.431137401693939e-07,-5.3008192759892906e-08,3.17880494549172e-06,3.2895848006310816e-06,1.0348495290019204,0.8642130833996335,0.2167665829450168,0.038580246913580245
shift_w0.5_mid,shift,shift,0.5,1.0,2,6,1.0,8,80,data_heat/shift_w0.5_mid__cell_+1.00.nc,1.2670683645410463e-05,8.620162668350021e-06,-4.050524393400359e-06,2.3586459064972587e-05,2.1564764094193403e-05,0.9142857787508456,0.9142873510369772,0.23215620128317038,0.15123456790123457,6.9274577185751696e-09,1.4184002704511465e-08,7.256550384101273e-09,1.1710052660873771e-07,9.555263226296897e-08,0.815988066238458,0.8527218509044203,0.18220877145204306,0.05555555555555555,1.6134772522491403e-05,1.2062842968561286e-05,-4.071935340283345e-06,4.378236917546019e-05,4.0357612814418005e-05,0.9217777286716192,0.9138208955923842,0.2235227167003984,0.0941358024691358,5.502124054146407e-07,3.1874692289232515e-07,-2.314657164383616e-07,1.5601302720824606e-06,1.1043767198259773e-06,0.7078746817417088,0.8923440826612964,0.22385759048548193,0.0787037037037037,1.1565882687136764e-06,2.591269614206883e-06,1.4346812514449837e-06,5.566397885559127e-05,5.09602463389804e-05,0.9154977309686444,0.8947097344608406,0.21829579489347084,0.0787037037037037,1.0343760550313164e-06,7.596425157847169e-07,-2.747334459161639e-07,4.471509782888461e-06,3.677762180680856e-06,0.8224877858379932,0.8758547625140718,0.1882439101291678,0.08641975308641975
shift_hex_w0.5_mid,shift,shift,0.5,1.0,4,12,1.0,8,80,data_heat/shift_hex_w0.5_mid__cell_+1.00.nc,1.2523760233307257e-05,7.792987062499384e-06,-4.730775322313862e-06,2.201345887442585e-05,1.914982842057593e-05,0.8699145613515218,0.9607032564993434,0.24531822497396685,0.17592592592592593,9.624167240929182e-09,1.1106385340365624e-08,1.4822170133957627e-09,1.1603266614201857e-07,8.50368859138665e-08,0.7328702230265511,0.9538583339113863,0.1691000234050489,0.047839506172839504,1.589276325830724e-05,1.062534840502355e-05,-5.26741765384526e-06,4.133409311180003e-05,3.620011166236001e-05,0.875793054523933,0.9639615448573069,0.22924557542808005,0.13580246913580246,5.344121518646716e-07,2.9491956989240974e-07,-2.394921903363893e-07,1.4615642385251704e-06,1.043011525128188e-06,0.7136268784057457,0.9244722931926543,0.2466113251160729,0.09876543209876543,1.6989590676530497e-06,1.2773310013529838e-06,-4.216292514727377e-07,5.268460517982021e-05,4.719803159302973e-05,0.8958600227132004,0.9467966098927021,0.2094524915728407,0.07407407407407407,9.805895615500049e-07,5.751887856314049e-07,-4.054007307037391e-07,4.094459654879756e-06,3.200607236901276e-06,0.7816922150122565,0.9272012871632327,0.2344177897488586,0.12962962962962962
shift_sq_w0.5_mid,shift,shift,0.5,1.0,4,12,1.0,8,80,data_heat/shift_sq_w0.5_mid__cell_+1.00.nc,1.1880148122145329e-05,6.263081959793191e-06,-5.617066127899585e-06,2.0385867173899896e-05,1.6171295121828957e-05,0.7932601043596089,0.8526765970677318,0.26567049834142925,0.2222222222222222,1.0096264269066069e-08,1.0826578560694905e-08,7.303134253887718e-10,1.1217123585538502e-07,8.523955138850545e-08,0.7599056098338721,0.8975993087988334,0.1580807596932639,0.041666666666666664,1.470153802074492e-05,7.95403619724359e-06,-6.747501414484203e-06,3.840729550574906e-05,3.154474032549405e-05,0.8213215721156993,0.8755799191129422,0.23764419073426452,0.1697530864197531,5.208163997849624e-07,2.8957616192039206e-07,-2.312403443271631e-07,1.3896531072532525e-06,1.199570403034286e-06,0.8632157167664106,0.8495032076890038,0.2617967223266203,0.10802469135802469,1.4753703680980834e-06,5.861371138550115e-08,-1.4167563241617233e-06,4.92578765260987e-05,4.4200158657931896e-05,0.897321642245641,0.8864400951595867,0.22108499882024837,0.05401234567901234,8.757051546126604e-07,4.5209082760017997e-07,-4.2361422037633025e-07,3.622467602326651e-06,3.000333072844672e-06,0.8282567029495606,0.8410695439252546,0.21549494210218761,0.14351851851851852
shift_w0.5,shift,shift,0.5,1.5,2,8,1.0,8,80,data_heat/shift_w0.5__cell_+1.50.nc,9.182717803923879e-06,5.145957984633268e-06,-4.036761635032955e-06,2.3642995074624196e-05,1.8878083378687094e-05,0.7984641251712125,0.8681097337021829,0.2514595597409799,0.12962962962962962,-1.6089459764501157e-09,2.941231292540181e-09,4.550180653783476e-09,8.580266808166925e-08,6.258905578327596e-08,0.7294534911630258,0.7529074177550965,0.17249112052719479,0.05401234567901234,1.34039191834745e-05,8.02093743850711e-06,-5.382984313820606e-06,4.391545007820241e-05,3.595520428412867e-05,0.818737009870136,0.8749206675510574,0.23761197380134952,0.09104938271604938,2.87987091951436e-07,1.28012602472116e-07,-1.599745410586804e-07,8.967150506578037e-07,6.559043175732904e-07,0.7314523349330853,0.7268651273291471,0.1983951806148971,0.07561728395061729,4.731711214844836e-06,1.994877732809016e-06,-2.7368391064311436e-06,5.916244117543101e-05,4.69866833706142e-05,0.794197846422315,0.8811926960658497,0.2119900868528066,0.07716049382716049,7.074712016219564e-07,4.5124907601371087e-07,-2.562224928219747e-07,2.919640337495366e-06,2.9714827113507296e-06,1.0177564247176543,0.798453937158582,0.21340632297232892,0.10493827160493827
shift_sq_w0.5,shift,shift,0.5,1.5,4,16,1.0,8,80,data_heat/shift_sq_w0.5__cell_+1.50.nc,9.838267033046577e-06,6.316246775092172e-06,-3.52201851822121e-06,2.0529530956991948e-05,1.79274153580612e-05,0.8732501193338507,0.8714519797379847,0.2712340164328047,0.16666666666666666,-1.2299835594475894e-09,1.4335524095885383e-09,2.6635333551257467e-09,7.103227517291089e-08,6.259040947738999e-08,0.8811545079335947,0.8303354335145906,0.19792569053407214,0.08024691358024691,1.4275148714659736e-05,1.1106026378717893e-05,-3.169126730149745e-06,3.8067748391767964e-05,3.5193891050513024e-05,0.9245067685201891,0.8914755584627791,0.21737604055262608,0.09567901234567901,2.9294102432686486e-07,9.013633687097913e-08,-2.0280469803949245e-07,7.713129548392317e-07,5.831898703891774e-07,0.7561001882961169,0.770132414189891,0.24525416091487473,0.10493827160493827,4.92714707434061e-06,7.107951018727681e-06,2.1808056996469345e-06,5.0315040425630286e-05,4.4379587040862064e-05,0.8820342121449489,0.9063451873197457,0.2314973351630126,0.05401234567901234,8.223508984883665e-07,4.2389355341904974e-07,-3.984572976956887e-07,2.7933081128139747e-06,2.6364642304885285e-06,0.9438501318182755,0.8146608419625461,0.2188330332435389,0.14351851851851852
shift_hex_w0.5,shift,shift_hex,0.5,-1.5,4,16,1.0,8,80,data_heat/shift_hex_w0.5__cell_-1.50.nc,4.856281066167867e-06,2.5102191669717975e-06,-2.346060151774247e-06,1.0438227945996914e-05,7.98971743463303e-06,0.7654285263713853,0.8762001287205794,0.2442484574353203,0.11574074074074074,-8.34451263642677e-09,-3.1754026161683556e-09,5.169108371449261e-09,5.446885253945766e-08,3.7398357367724855e-08,0.6866007933732989,0.8307612395983848,0.16852705446938948,0.032407407407407406,8.331398930749856e-06,4.456205312149123e-06,-3.875189259656802e-06,1.9085455278400332e-05,1.511987393542608e-05,0.7922197146922538,0.8881000318503617,0.24049901205453153,0.09722222222222222,-4.477426429616571e-09,-9.912729295591775e-09,-5.43530710620189e-09,6.423528020604863e-08,5.3919756398103325e-08,0.8394103088698918,0.5023831835934146,0.18611984623664418,0.06018518518518518,8.25010738481069e-06,4.920474055742965e-06,-3.329629435852758e-06,2.348969064769335e-05,2.0030101147083862e-05,0.8527188138618924,0.8960075144430119,0.20095490674032163,0.07561728395061729,3.2852170761543675e-08,-1.3695023810737298e-09,-3.422167470790551e-08,3.2720569720368076e-07,1.83878946867752e-07,0.5619674365061256,0.6780813521708856,0.18840126288132616,0.09722222222222222
shift_hex_w0.5,shift,shift_hex,0.5,-0.5,4,16,1.0,8,80,data_heat/shift_hex_w0.5__cell_-0.50.nc,2.7635776405077195e-06,1.2294041509967863e-06,-1.5341733762136988e-06,1.3135709195921663e-05,1.1686567774861851e-05,0.889679240043641,0.9576155103761882,0.220420167826592,0.08333333333333333,1.6052508655661768e-08,1.725569766631651e-08,1.2031759487063314e-09,9.589263783027491e-08,7.917439669868765e-08,0.8256566769893462,0.8770806710047434,0.17442953090094782,0.1111111111111111,3.068256546612247e-06,1.1202460152493585e-06,-1.9480113103776026e-06,2.5393737814738415e-05,2.30669484864635e-05,0.9083715306013572,0.9642046300999205,0.1839448708543162,0.08950617283950617,1.6336885266809986e-07,1.379723594447018e-07,-2.539637200374853e-08,5.191266154724872e-07,5.477714542717001e-07,1.0551789061578773,0.950669814828121,0.17769497499435688,0.05246913580246913,2.582848310339614e-06,2.4187557801678353e-07,-2.3409729877125085e-06,3.353463762323372e-05,3.189077847845602e-05,0.9509802621621655,0.9734020209063897,0.19620407060664183,0.07407407407407407,3.5380921303840296e-07,3.2612895691844444e-07,-2.768004151453285e-08,1.2902522712465725e-06,1.2631723083914e-06,0.9790118851493984,0.9256880075383594,0.15338348717599753,0.030864197530864196
shift_hex_w0.5,shift,shift_hex,0.5,0.5,4,16,1.0,8,80,data_heat/shift_hex_w0.5__cell_+0.50.nc,8.370589966943953e-06,4.3871222290765954e-06,-3.983466777184519e-06,1.9577626517275348e-05,1.6889058555681094e-05,0.862671404052894,0.9593775174505668,0.2728619691549167,0.18518518518518517,1.1649460951446144e-08,1.210728782680066e-08,4.5782624189701684e-10,1.387485468740124e-07,8.645422276350038e-08,0.623100023108734,0.8783263620645938,0.18325168434355246,0.06327160493827161,7.279313649632968e-06,3.3910743952401656e-06,-3.888245435469028e-06,3.344798824400641e-05,2.8964410855866123e-05,0.8659537501797674,0.9484382483272791,0.22432705076844753,0.1558641975308642,5.16095269631478e-07,3.32842536333899e-07,-1.8325275185596134e-07,1.665414060880721e-06,1.1433396625480337e-06,0.6865197607034741,0.9571805479121602,0.2239866913326225,0.05864197530864197,-3.747261189346318e-06,-5.912757747973501e-06,-2.165495683057333e-06,4.4812266423832625e-05,3.8826670404318875e-05,0.8664295181390242,0.9517365820431912,0.19563170672881258,0.05709876543209876,5.684212283085799e-07,6.019149370351064e-07,3.3493547915861667e-08,3.4171484912803862e-06,3.473317511360905e-06,1.0164373951626178,0.9539101070351276,0.1953086744693294,0.033950617283950615
shift_hex_w0.5,shift,shift_hex,0.5,1.5,4,16,1.0,8,80,data_heat/shift_hex_w0.5__cell_+1.50.nc,9.420392416359391e-06,5.400101861624021e-06,-4.0202918787085395e-06,2.2021744371159002e-05,1.8377669448903915e-05,0.8345237842726216,0.9362775447631866,0.2518392277509421,0.14351851851851852,-1.4739310882916357e-09,3.5228678766407785e-09,4.9967968769290185e-09,7.629055431834786e-08,5.1880117500444886e-08,0.6800333011601638,0.8895913654167376,0.17640808018154006,0.044753086419753084,1.3668956853507552e-05,8.827070728870535e-06,-4.841889736156885e-06,4.08490959671326e-05,3.529200630543585e-05,0.8639605227452766,0.9498091705874012,0.21078167527524774,0.09876543209876543,2.8778802629858546e-07,1.239169022130589e-07,-1.6387114775175916e-07,8.117203833535314e-07,6.085293190015955e-07,0.7496784994945244,0.835909966738405,0.1997189933009778,0.08487654320987655,4.937051471642917e-06,3.6983787141953378e-06,-1.238671444722618e-06,5.4444964916910976e-05,4.637646665036062e-05,0.8518045097675464,0.9576892457162914,0.19488634072943709,0.06327160493827161,7.389564302684448e-07,5.986397689909427e-07,-1.4031711066220136e-07,2.7778694402513793e-06,2.783287617424253e-06,1.0019504794193579,0.8956407350279566,0.19033293566347162,0.10030864197530864
symdia_d0.3_c-0.5,symdia,symdia_d0.3,0.15,-0.5,4,4,0.3,8,80,data_heat/symdia_d0.3_c-0.5__cell_-0.50.nc,2.782108595056343e-06,2.452205298783982e-06,-3.2990313211697746e-07,2.1832871425431222e-05,2.053835349586682e-05,0.9407078480727675,0.9836009900814368,0.19659348741246635,0.037037037037037035,3.7703589583770736e-08,2.7907712835252706e-08,-9.795849511203121e-09,2.4819217969707097e-07,1.7321781227249062e-07,0.6979180910692282,0.9740941641438633,0.17736078591349952,0.029320987654320986,2.1999101136316312e-06,2.313827016663872e-06,1.1391640227728127e-07,3.995581573690288e-05,3.8265757340697066e-05,0.9577018172439692,0.9838590159408824,0.15905746642164084,0.021604938271604937,1.8152323377762514e-07,1.593624497808937e-07,-2.216080251355528e-08,8.314931960740068e-07,8.205077774859285e-07,0.9867883241378915,0.9696088930016374,0.1662378090046725,0.033950617283950615,2.3863565274950815e-06,2.6894800021977194e-06,3.0312283082810703e-07,5.169759242562577e-05,5.0314931268771584e-05,0.9732548249931883,0.9801613445467003,0.15176119904445032,0.024691358024691357,3.7807271269230114e-07,3.464359524331178e-07,-3.1636694466304484e-08,1.8992711829923792e-06,1.862319700072972e-06,0.9805443881577834,0.9748185469847379,0.1662954242368094,0.023148148148148147
symdia_d0.3_c+0.0,symdia,symdia_d0.3,0.15,0.0,4,4,0.3,8,80,data_heat/symdia_d0.3_c+0.0__cell_+0.00.nc,-8.137917717476739e-08,4.268011638797572e-08,1.2405988496895457e-07,2.4815659344312735e-05,2.1081385083513247e-05,0.8495194421801526,0.9708846744337367,0.17413118919888776,0.029320987654320986,-1.2881485211835297e-08,-9.061480260185387e-09,3.820023052217814e-09,2.8625981940422207e-07,2.406325188265475e-07,0.8406087844510055,0.9891473825573138,0.16562989624858435,0.032407407407407406,1.6617229903204134e-07,4.65894975185892e-07,2.9972183609332135e-07,3.9278769691009074e-05,3.406478084901404e-05,0.8672568188104802,0.968576193138784,0.1624796243650609,0.038580246913580245,6.43411652845316e-08,4.648158717572051e-08,-1.785966744830178e-08,1.8150432197217015e-06,1.6988780624212913e-06,0.9359986825447486,0.9849148726199418,0.1738111487266954,0.041666666666666664,-1.37472125061322e-06,-1.5458689378137435e-06,-1.7114876586442554e-07,5.903589408262633e-05,5.549937280924254e-05,0.9400954058824943,0.9769591053229462,0.1629387723127919,0.030864197530864196,3.0420076768677973e-07,2.755796934055841e-07,-2.8621039136383152e-08,3.3307394460280193e-06,3.2754676389112698e-06,0.9834055446208312,0.9795723199983033,0.1633671653317368,0.040123456790123455
symdia_d0.3_c+0.5,symdia,symdia_d0.3,0.15,0.5,4,4,0.3,8,80,data_heat/symdia_d0.3_c+0.5__cell_+0.50.nc,9.328390660812147e-06,8.646301346460741e-06,-6.820846277326853e-07,3.227220076951198e-05,2.9097825764071328e-05,0.9016374796341893,0.9628358179600244,0.1542692953453695,0.043209876543209874,1.985200093201911e-08,2.024197309056639e-08,3.8996731312463114e-10,1.9971005826846522e-07,1.6051319461320476e-07,0.8037311490712746,0.9364140092332554,0.19900872463028918,0.035493827160493825,8.095331395452376e-06,8.16589833776529e-06,7.056535178822148e-08,5.507191235665232e-05,4.971732085691755e-05,0.9027709176856291,0.9672560513996242,0.1832611053893239,0.029320987654320986,5.246196792541014e-07,4.585955832944412e-07,-6.602405023593095e-08,2.243574726890074e-06,1.87593785348879e-06,0.8361378968148375,0.9545529975057213,0.17689812278900738,0.020061728395061727,-1.987163159355987e-06,-6.322339711262541e-07,1.3549300098893438e-06,6.804491567891091e-05,6.206499298933837e-05,0.9121180086725291,0.9527063295292,0.13631282560480382,0.024691358024691357,5.328075758370687e-07,5.463194487840299e-07,1.3511910383493217e-08,4.693637947639218e-06,4.1253266205832336e-06,0.8789187974454165,0.9583791850583371,0.18370916617106597,0.024691358024691357
symdia_d0.5_c-0.5,symdia,symdia_d0.5,0.25,-0.5,4,4,0.5,8,80,data_heat/symdia_d0.5_c-0.5__cell_-0.50.nc,2.5415520212845877e-06,2.0361557654414368e-06,-5.053961410214195e-07,1.7387537809554487e-05,1.6876564247523487e-05,0.970612655591166,0.9639627728824555,0.1744328219675319,0.041666666666666664,2.8689164821571467e-08,2.374731407601494e-08,-4.941849053222653e-09,1.7578068423063087e-07,1.247738344418652e-07,0.70982676502816,0.9644650836711572,0.1707909283770391,0.047839506172839504,2.073502628263668e-06,2.011189810271241e-06,-6.231125759726657e-08,3.3375115890521556e-05,3.26977246818404e-05,0.9797037046731712,0.9700518259775304,0.20182041776793178,0.040123456790123455,1.8848379568225937e-07,1.5297109143970908e-07,-3.551273056614383e-08,7.127364938241953e-07,7.289806728659204e-07,1.0227912828688857,0.9625265038157911,0.19476892415089903,0.038580246913580245,2.3378554487862857e-06,2.482843847044809e-06,1.4498842124151376e-07,4.434157017385587e-05,4.26828402360881e-05,0.962591989159063,0.9660952297523312,0.14751558330272396,0.027777777777777776,3.978618394739897e-07,3.09263387901358e-07,-8.859853005717557e-08,1.703369434835622e-06,1.5986613149528779e-06,0.9385288254319013,0.9601084633301646,0.1719676849442092,0.032407407407407406
symdia_d0.5_c+0.0,symdia,symdia_d0.5,0.25,0.0,4,4,0.5,8,80,data_heat/symdia_d0.5_c+0.0__cell_+0.00.nc,1.3285637123772176e-06,1.3685391415701513e-06,3.99763049080727e-08,1.962784335773904e-05,1.627321167214119e-05,0.8290881160779616,0.9152635795408051,0.20874562662234616,0.05555555555555555,-1.0949576356722446e-08,-1.9546612201565584e-09,8.994930958587861e-09,2.2537150812240725e-07,1.6057961607720508e-07,0.712510722473351,0.9683233675440993,0.14125077861097493,0.037037037037037035,2.120426188412239e-06,2.0832997958593257e-06,-3.7123455267381366e-08,3.1561736250296235e-05,2.7036180736981232e-05,0.8566125932545131,0.908334552251436,0.15874454434195898,0.035493827160493825,7.228062059994045e-08,1.0540092303087373e-07,3.3120328305875965e-08,1.5767126342325355e-06,1.3638369437629324e-06,0.8649876421056141,0.9555142840846023,0.1824929633724124,0.05709876543209876,-6.026284609106369e-07,-9.86394771614814e-07,-3.8376570373839523e-07,4.988937507732771e-05,4.686143645439651e-05,0.9393069442493929,0.9517352290023955,0.17282638871418296,0.027777777777777776,3.0956888963373785e-07,3.170905774751414e-07,7.521622435560759e-09,3.0040700949029997e-06,2.8670870606074388e-06,0.9544008528536069,0.9641377955050258,0.17720235054996536,0.030864197530864196
symdia_d0.5_c+0.5,symdia,symdia_d0.5,0.25,0.5,4,4,0.5,8,80,data_heat/symdia_d0.5_c+0.5__cell_+0.50.nc,8.43613270262722e-06,7.257124997795596e-06,-1.1790098302960403e-06,2.6292418624507263e-05,2.366911332146396e-05,0.9002257897796397,0.9538304925308607,0.19289018488876328,0.08487654320987655,1.9228425074402367e-08,1.935652952924788e-08,1.2810029548925968e-10,1.821857011918837e-07,1.341861426557893e-07,0.7365349847870896,0.9121868911281329,0.18692423777140704,0.030864197530864196,6.645439952990273e-06,6.65155319465258e-06,6.113596617057143e-09,4.5123979361960664e-05,4.021643038211875e-05,0.8912429921023551,0.9472599433139895,0.19311313237889802,0.038580246913580245,5.396193500928348e-07,4.414837657942661e-07,-9.813530489742847e-08,2.016931603066041e-06,1.6779058044460037e-06,0.831910116285219,0.9317464156988351,0.21794884742591666,0.05401234567901234,-3.1485496947425418e-06,-1.5875951908342582e-06,1.5609555569616758e-06,5.702262933482416e-05,5.3627441673929675e-05,0.9404589423444735,0.9255453186994548,0.18770596675423504,0.030864197530864196,6.011087521073932e-07,5.287809500878445e-07,-7.232802305227489e-08,4.274344519217266e-06,3.804479363253113e-06,0.8900731670431198,0.9372059876731299,0.19767761392571945,0.044753086419753084
symdia_d0.75_c-0.5,symdia,symdia_d0.75,0.375,-0.5,4,4,0.75,8,80,data_heat/symdia_d0.75_c-0.5__cell_-0.50.nc,2.4888452117011184e-06,2.259857745012619e-06,-2.2898729078627565e-07,1.4778259355807677e-05,1.4137011410823758e-05,0.956608695953633,0.94717772714992,0.1670849083157401,0.05092592592592592,2.3420039241273116e-08,1.8034969663116633e-08,-5.3850526597799195e-09,1.37913872322315e-07,9.10110230111711e-08,0.6599120268225923,0.9284597847866801,0.16630189754584795,0.06790123456790123,2.1435510006995173e-06,3.3737091454988482e-06,1.2301593538267198e-06,2.911506817326881e-05,2.7785035028096715e-05,0.9543180480548135,0.9517100888647627,0.19307980768992725,0.037037037037037035,1.9472359724659327e-07,1.2489232418444787e-07,-6.983112852202982e-08,6.59521674606367e-07,5.728753645063509e-07,0.868622498037338,0.9480083059071897,0.19945220302033004,0.05709876543209876,2.014125584537396e-06,4.296801986084193e-06,2.2826778361605393e-06,3.8929018046474084e-05,3.789218461550528e-05,0.9733660522921226,0.946659120595895,0.20025267776420294,0.044753086419753084,4.0053262750916474e-07,3.365631469727765e-07,-6.396923620551248e-08,1.5247176179400412e-06,1.4284229783287518e-06,0.9368442795713297,0.9436161257466651,0.19671102941757354,0.027777777777777776
symdia_d0.75_c+0.0,symdia,symdia_d0.75,0.375,0.0,4,4,0.75,8,80,data_heat/symdia_d0.75_c+0.0__cell_+0.00.nc,2.2544179500982864e-06,1.3973193278141751e-06,-8.570979265484622e-07,1.4988265320425853e-05,1.193082212661184e-05,0.7960108706077307,0.8530538345556445,0.2174161452073799,0.10030864197530864,-6.9696612925440604e-09,5.846116422970768e-09,1.281578003780091e-08,1.8023264658495464e-07,1.2767038262616878e-07,0.7083643559880254,0.9225468545020472,0.15128559212589293,0.06790123456790123,2.745617621258134e-06,1.0757842113857883e-06,-1.6698335877766763e-06,2.3907789000077173e-05,1.9693508017319895e-05,0.823727698837242,0.8636930193163651,0.22596182096755696,0.08796296296296297,1.1796194598900911e-07,1.8309765920641187e-07,6.513567626766412e-08,1.3264677818369819e-06,1.0995458074666892e-06,0.828927639647579,0.9296909251474396,0.15277813112320202,0.044753086419753084,-6.17662976765132e-07,-2.256821053720714e-06,-1.6391588219508662e-06,4.231753700878471e-05,3.895484010077902e-05,0.9205365636637212,0.92716539115359,0.2055179819653019,0.06172839506172839,3.3384091580046515e-07,4.000543077881564e-07,6.621331883495886e-08,2.650855094543658e-06,2.3944661941721748e-06,0.9032806806757498,0.9360708048757256,0.17581246816691828,0.044753086419753084
symdia_d0.75_c+0.5,symdia,symdia_d0.75,0.375,0.5,4,4,0.75,8,80,data_heat/symdia_d0.75_c+0.5__cell_+0.50.nc,8.235951099777594e-06,6.732986908826193e-06,-1.50296797524253e-06,2.289416988787707e-05,2.1063636963404098e-05,0.9200437083572847,0.9522978784682289,0.22065002086470525,0.11728395061728394,1.7901436777378876e-08,1.4948560520613653e-08,-2.9528731635923043e-09,1.5880492298947502e-07,1.1204141803026463e-07,0.705528619145455,0.8983835354451136,0.15304447401581617,0.06018518518518518,6.366172783600632e-06,6.536974260516046e-06,1.7079841412259546e-07,3.895172631018795e-05,3.673456201278472e-05,0.9430791775505126,0.9426192307747981,0.21933388851416438,0.06790123456790123,5.549742922994483e-07,4.4002840015251667e-07,-1.1494575841397205e-07,1.8793435856423457e-06,1.6389742196100665e-06,0.8720992968669309,0.9303248169347751,0.2051706965775621,0.08796296296296297,-3.739699195648427e-06,-2.523284490710528e-06,1.2164170718347009e-06,5.031188629800454e-05,5.02967024942743e-05,0.9996982064309754,0.918035135357472,0.18634545018571297,0.046296296296296294,5.840604444529163e-07,5.016791248716554e-07,-8.238128087009232e-08,3.90708692066255e-06,3.994527896109768e-06,1.0223800947413757,0.9114225400807577,0.20986036379352388,0.06790123456790123
symdia_d1.0_c-0.5,symdia,symdia_d1.0,0.5,-0.5,4,4,1.0,8,80,data_heat/symdia_d1.0_c-0.5__cell_-0.50.nc,2.6219986466458067e-06,2.1940411990281377e-06,-4.279573808637956e-07,1.349473404843593e-05,1.2674549281919818e-05,0.9392218650940236,0.9408974983193499,0.20895582490157968,0.06172839506172839,1.8267529711124553e-08,1.1626762559783113e-08,-6.640779576593447e-09,1.0992793875175266e-07,6.087032195634356e-08,0.5537293125617991,0.8558034888272363,0.16328366535467492,0.07098765432098765,2.69120005214063e-06,3.847573091248724e-06,1.1563727432350275e-06,2.6271412934875116e-05,2.4558383296315326e-05,0.9347949178521054,0.9351073887245791,0.22429681262636253,0.06944444444444445,1.7047062783603906e-07,7.984156652587656e-08,-9.062917418647764e-08,5.550899118134112e-07,4.481595070234967e-07,0.8073638116740659,0.8874988182237623,0.20289182770840364,0.05401234567901234,2.3543730094388593e-06,4.645657372109951e-06,2.291283513490282e-06,3.4999800845980644e-05,3.3613454246610505e-05,0.9603898717746748,0.9485525203475351,0.19268202980075952,0.04938271604938271,3.6427525174076436e-07,2.8636460207083625e-07,-7.791045049249131e-08,1.3730231103181723e-06,1.287902421963432e-06,0.9380049121423636,0.9061198280484699,0.20828387109006224,0.030864197530864196
symdia_d1.0_c+0.0,symdia,symdia_d1.0,0.5,0.0,4,4,1.0,8,80,data_heat/symdia_d1.0_c+0.0__cell_+0.00.nc,2.859387450371287e-06,1.7511034936537478e-06,-1.108283141249817e-06,1.3063896403764375e-05,1.0602478848932546e-05,0.8115862619576064,0.8517484293947492,0.2631947957843449,0.13271604938271606,-1.9051966670957654e-09,1.117831316812419e-08,1.3083512871864107e-08,1.4869786468807433e-07,1.0709819514234639e-07,0.7202403031610967,0.8874486152539857,0.1638759580128253,0.09259259259259259,3.0879391488269903e-06,1.0265282622577736e-06,-2.061409425137418e-06,2.0283407138776965e-05,1.7010429874493818e-05,0.8386376981988393,0.8515705581523767,0.1960462241055096,0.08641975308641975,1.6120947066156077e-07,2.3025386173108413e-07,6.904446527470803e-08,1.1616015171966865e-06,1.0196109782938643e-06,0.8777631254774094,0.9111438727266702,0.1806812887903441,0.047839506172839504,-5.178411583983689e-07,-3.268353936723105e-06,-2.750510348131511e-06,3.708285657921806e-05,3.233198006720041e-05,0.8718848289945351,0.9118863261300995,0.19151841321021293,0.09722222222222222,3.6269616998652054e-07,4.592293510773779e-07,9.653309725736788e-08,2.3801021598046646e-06,2.1003731796585428e-06,0.8824718598763512,0.919558030673237,0.19090342346505457,0.06327160493827161
symdia_d1.0_c+0.5,symdia,symdia_d1.0,0.5,0.5,4,4,1.0,8,80,data_heat/symdia_d1.0_c+0.5__cell_+0.50.nc,8.385884029848967e-06,5.295687178531283e-06,-3.090193055740322e-06,2.110494278895203e-05,1.75317667252773e-05,0.8306948235109547,0.9270581840477767,0.24569953476499778,0.14506172839506173,1.3635577111870134e-08,6.77077005826828e-09,-6.8648049808643e-09,1.4796087555168924e-07,9.509203423593501e-08,0.642683641073178,0.8830370997632256,0.16522136631837733,0.044753086419753084,7.0341702667064965e-06,5.745564783985045e-06,-1.288604809488374e-06,3.600790296331979e-05,3.152998784622337e-05,0.8756407691484298,0.9229694943378616,0.21481696707920964,0.09876543209876543,5.434101808532432e-07,3.434158567098903e-07,-1.9999411228490162e-07,1.7855887790574343e-06,1.3008570463342588e-06,0.7285311498322404,0.9279878662761033,0.19338060536256693,0.08950617283950617,-3.735933205462061e-06,-3.2199763608185657e-06,5.159562635719553e-07,4.727409759652801e-05,4.471875487432076e-05,0.9459462400738683,0.9136437451815862,0.19744399544913616,0.044753086419753084,5.670565883519885e-07,5.280321033374397e-07,-3.902435696197366e-08,3.6348617413750617e-06,3.906638740417352e-06,1.0747695561425887,0.9277217559985758,0.2222687031048294,0.07253086419753087
symhex_d0.3_c-0.5,symhex,symhex_d0.3,0.15,-0.5,6,6,0.34641016151377546,8,80,data_heat/symhex_d0.3_c-0.5__cell_-0.50.nc,2.6621960387274157e-06,2.3033708851767465e-06,-3.58825117462768e-07,1.974274346139282e-05,1.8715326785672527e-05,0.9479597818950837,0.9924687843369063,0.10875856512680382,0.043209876543209874,3.1212948670145124e-08,2.8274399124904988e-08,-2.9385647099732096e-09,2.0678697865150752e-07,1.578549218334701e-07,0.7633697385728466,0.9816687887742965,0.17644834573962534,0.033950617283950615,2.1550845303863753e-06,1.91577384126859e-06,-2.3931008140912016e-07,3.7125329981790856e-05,3.599005525820729e-05,0.9694204812687082,0.9946672507673803,0.14439845699511356,0.020061728395061727,1.8293852122042153e-07,1.8086066392678538e-07,-2.0780144035364665e-09,7.602301366205211e-07,8.349715603701508e-07,1.0983142079606059,0.9769043378173411,0.19223102384086355,0.037037037037037035,2.371361460973276e-06,2.0888425904619632e-06,-2.8251703328683844e-07,4.8380872613051906e-05,4.684077655954574e-05,0.968167253496567,0.9943918069082213,0.15932846671306078,0.021604938271604937,3.93016875932517e-07,3.8288792980219035e-07,-1.0128994506752715e-08,1.8011716065302608e-06,1.7684230369416514e-06,0.9818181846361128,0.9906648439862549,0.16841266020044782,0.026234567901234566
symhex_d0.3_c+0.0,symhex,symhex_d0.3,0.15,0.0,6,6,0.34641016151377546,8,80,data_heat/symhex_d0.3_c+0.0__cell_+0.00.nc,7.279153919625969e-07,1.756944404119126e-07,-5.522215614003033e-07,2.2134121536510065e-05,2.0647489683899984e-05,0.9328352900675144,0.9911858171965641,0.14783232258739432,0.041666666666666664,-1.2907319657529115e-08,-1.1309650948630765e-08,1.5976547819774354e-09,2.606771545288211e-07,2.3072640832896808e-07,0.8851040619421001,0.9937657393035764,0.12033447206182579,0.026234567901234566,1.4668645462734275e-06,1.1088603850595734e-06,-3.58002906275999e-07,3.523199848132208e-05,3.3103778688023734e-05,0.9395941222458157,0.9928865714121138,0.15732961956615485,0.033950617283950615,4.342314596783581e-08,3.464250948604709e-08,-8.780666480051152e-09,1.7213992578035686e-06,1.661179267717278e-06,0.9650168374284483,0.996812944446308,0.12220616398555972,0.023148148148148147,-7.217254847091681e-07,-6.604240095735726e-07,6.130137811580457e-08,5.431083991425112e-05,5.2071615018600504e-05,0.9587702031641193,0.9942168631713085,0.1408997009531444,0.023148148148148147,2.8661062856372155e-07,2.5794215640557635e-07,-2.8668342379926976e-08,3.175668553012656e-06,3.050812519002327e-06,0.9606835436614183,0.9920327773937236,0.14274757454092168,0.023148148148148147
symhex_d0.3_c+0.5,symhex,symhex_d0.3,0.15,0.5,6,6,0.34641016151377546,8,80,data_heat/symhex_d0.3_c+0.5__cell_+0.50.nc,8.549271115043666e-06,7.872366050230917e-06,-6.76906474253214e-07,2.883662273234222e-05,2.7467334706761483e-05,0.9525156590530628,0.9901073114817329,0.122459518965341,0.041666666666666664,2.0168242187423857e-08,2.1463551647452492e-08,1.2953133701902274e-09,1.9138009577090997e-07,1.507680165628234e-07,0.7877936101740646,0.9672149034567272,0.17392069168929444,0.029320987654320986,6.877367468405282e-06,6.4266960653817885e-06,-4.506766426045474e-07,4.9617778131505474e-05,4.7220752741674384e-05,0.9516901908933108,0.9905595924709127,0.16355883426405504,0.024691358024691357,5.316211399986059e-07,5.020387461606732e-07,-2.958239377253822e-08,2.1071339233458275e-06,1.907691201891473e-06,0.9053488156378462,0.9855145128939794,0.15365567479603334,0.029320987654320986,-3.071232413276448e-06,-4.009375816796281e-06,-9.381431444294105e-07,6.133260467322543e-05,5.951474721664814e-05,0.970360667604732,0.9903765942473002,0.1357503245097659,0.016975308641975308,5.867553909411072e-07,6.708193824036704e-07,8.406392690630692e-08,4.4737180360243656e-06,4.374086258827871e-06,0.977729535837034,0.9849734670668923,0.17790058919554946,0.027777777777777776
symhex_d0.5_c-0.5,symhex,symhex_d0.5,0.25,-0.5,6,6,0.5773502691896258,8,80,data_heat/symhex_d0.5_c-0.5__cell_-0.50.nc,2.590694066384458e-06,2.004727884049805e-06,-5.859660623243414e-07,1.589340354257729e-05,1.5270295213730334e-05,0.9607945316950084,0.9781252127478725,0.17389677349092164,0.047839506172839504,2.4575181001296187e-08,2.3143189067070423e-08,-1.4320010392538718e-09,1.4783947221985727e-07,1.130982387003231e-07,0.7650070512435998,0.9675380345614552,0.17731450892291303,0.05092592592592592,2.128744426954654e-06,1.4981930401027824e-06,-6.305506903390638e-07,3.105282303295098e-05,3.0282750645635198e-05,0.9752012116096936,0.9852513705775636,0.17946622592421305,0.032407407407407406,1.9825141350793274e-07,1.862892135926335e-07,-1.1962263240373e-08,7.003115456427622e-07,7.661393619628262e-07,1.0939979024044872,0.9726370459243433,0.2172898049269157,0.04938271604938271,1.9605383840826107e-06,1.4736201448688288e-06,-4.869178943922141e-07,4.115923366043717e-05,4.025226456430204e-05,0.9779643833114677,0.9862906935839855,0.16027007070951862,0.024691358024691357,4.076896402693819e-07,3.572503216699611e-07,-5.043937676311427e-08,1.5953428373904899e-06,1.5461325136247738e-06,0.9691537626820016,0.9775936653611255,0.1758796250858868,0.032407407407407406
symhex_d0.5_c+0.0,symhex,symhex_d0.5,0.25,0.0,6,6,0.5773502691896258,8,80,data_heat/symhex_d0.5_c+0.0__cell_+0.00.nc,2.2331719264911953e-06,9.634002448825897e-07,-1.2697719208931927e-06,1.67932957992889e-05,1.4657631462181637e-05,0.8728263729387953,0.970333532385189,0.17631410204474363,0.08024691358024691,-9.370665132735212e-09,-8.150344942532402e-09,1.2203000446355474e-09,1.9652379990020563e-07,1.6172222436678863e-07,0.8229141938478232,0.974485046519161,0.13398136038000383,0.032407407407407406,3.1115851015783846e-06,1.9557838824381093e-06,-1.155801032800134e-06,2.6699573936639354e-05,2.333968761894967e-05,0.8741595530451903,0.9747957561365218,0.1590639913628378,0.043209876543209874,9.046913618249164e-08,6.991971429143168e-08,-2.0549408838229517e-08,1.4343341945277643e-06,1.2924889272392234e-06,0.901107239979563,0.9910488698473267,0.13748595433594632,0.047839506172839504,-3.363510074905207e-07,-6.748574152451457e-07,-3.3850475731395183e-07,4.4957909267395735e-05,4.167580089078201e-05,0.9269959740099842,0.9823364553171244,0.13917766313377705,0.023148148148148147,3.139540751817549e-07,2.5369771005795734e-07,-6.025617051129598e-08,2.7679345748765627e-06,2.5246549681634247e-06,0.9121078912336693,0.9839087132650969,0.1570229450634905,0.032407407407407406
symhex_d0.5_c+0.5,symhex,symhex_d0.5,0.25,0.5,6,6,0.5773502691896258,8,80,data_heat/symhex_d0.5_c+0.5__cell_+0.50.nc,8.040063221415039e-06,6.4458510727365154e-06,-1.5942089131874282e-06,2.421646422590129e-05,2.252498374293332e-05,0.930151632906062,0.9793002612482399,0.19152497449765715,0.08487654320987655,1.9048089328066453e-08,2.0169425577231814e-08,1.121341977328009e-09,1.673487020070752e-07,1.1984900145120122e-07,0.7161633165588236,0.9290327485145333,0.16861340394829913,0.035493827160493825,6.113051767897559e-06,4.664860536658294e-06,-1.4481894621989374e-06,4.125915438635275e-05,3.814000536464192e-05,0.9244010434023208,0.9802499166775158,0.17138361313344347,0.044753086419753084,5.390508590608079e-07,5.048717955605317e-07,-3.4179287458977065e-08,1.8878478158512735e-06,1.6458399569506175e-06,0.8718075382620134,0.96901600235791,0.21377046995542456,0.030864197530864196,-3.727343710124842e-06,-5.6569635517826735e-06,-1.9296194794633297e-06,5.1945040468126535e-05,5.014239354691266e-05,0.9652970350014458,0.9781244054811407,0.18130214734030733,0.030864197530864196,5.963722742308164e-07,6.975802864039877e-07,1.0120772122706315e-07,4.006879407825181e-06,3.881423353302545e-06,0.9686898352174941,0.9695934379384911,0.19153822194612238,0.023148148148148147
symhex_d0.75_c-0.5,symhex,symhex_d0.75,0.375,-0.5,6,6,0.8660254037844387,8,80,data_heat/symhex_d0.75_c-0.5__cell_-0.50.nc,2.5320191525679547e-06,1.4725515985960737e-06,-1.0594672710068707e-06,1.3616663636639714e-05,1.257558929574004e-05,0.9235440950382036,0.9648402862579574,0.19381100795718012,0.06018518518518518,1.8517862798717033e-08,1.803404280501143e-08,-4.838248453015101e-10,1.1049729664591723e-07,8.449378674517612e-08,0.7646683612173066,0.8954730703507987,0.18452702291446768,0.09722222222222222,2.4639134608150925e-06,1.2876242636861274e-06,-1.1762889992995558e-06,2.6649990104488097e-05,2.4940319007682295e-05,0.935847214572966,0.9722552466661907,0.18715260796946226,0.07098765432098765,1.8538490564878884e-07,1.5905472354787345e-07,-2.633017995482686e-08,5.904846034354705e-07,6.072244197650197e-07,1.0283492850315759,0.959244332184741,0.18488306969794582,0.044753086419753084,2.0331012819951866e-06,5.352161788045686e-07,-1.4978848523843787e-06,3.558827665983699e-05,3.48830735948878e-05,0.9801843997198929,0.978935135963955,0.18886577960013456,0.043209876543209874,3.851696988022013e-07,3.502333814357702e-07,-3.493572283553411e-08,1.3871095916329068e-06,1.3701755342206426e-06,0.9877918388608866,0.9522693796259948,0.18055219331020753,0.044753086419753084
symhex_d0.75_c+0.0,symhex,symhex_d0.75,0.375,0.0,6,6,0.8660254037844387,8,80,data_heat/symhex_d0.75_c+0.0__cell_+0.00.nc,2.9350842396524968e-06,7.939707466799472e-07,-2.1411141770518886e-06,1.3075227798253763e-05,1.0726496731969937e-05,0.8203678664323151,0.9471104907684088,0.2144182582600428,0.13271604938271606,-1.691099038581001e-09,-1.5626415445134594e-09,1.2845819444239906e-10,1.4843816131815402e-07,1.1510459939878384e-07,0.7754380570106572,0.9405104131925677,0.1563742133304896,0.05864197530864197,3.1219065022014547e-06,1.0385182005805605e-06,-2.083386327101583e-06,2.015927020693198e-05,1.69586740097835e-05,0.8412345206798251,0.9333916231694963,0.19591869496637043,0.0787037037037037,1.6999966589992255e-07,1.1554037832341871e-07,-5.445928493706834e-08,1.1686516927511548e-06,1.0462909023101755e-06,0.8952974686983712,0.9804141314052766,0.18749195996324272,0.09104938271604938,-4.918513809570868e-07,-1.7961543282698122e-06,-1.3043023606928092e-06,3.716933133546263e-05,3.354182621520168e-05,0.902405962390827,0.9636051052884155,0.18012866727591223,0.043209876543209874,3.7478025660675485e-07,3.5459870873499075e-07,-2.018161245243519e-08,2.3750296804792015e-06,2.1550962426879064e-06,0.9073976045019699,0.9618923737783339,0.18102951826501193,0.05092592592592592
symhex_d0.75_c+0.5,symhex,symhex_d0.75,0.375,0.5,6,6,0.8660254037844387,8,80,data_heat/symhex_d0.75_c+0.5__cell_+0.50.nc,8.340633030456956e-06,5.223623339141333e-06,-3.1170094314028188e-06,2.132851841452066e-05,1.8920082519264623e-05,0.8870790812353685,0.9631539408801727,0.22103231602250065,0.15432098765432098,1.4523478419903313e-08,1.4814739785294324e-08,2.912583444931254e-10,1.4968334483000945e-07,9.908851859092064e-08,0.6619876025849922,0.8869265640624493,0.1845879412284027,0.05555555555555555,6.906902399350656e-06,3.830683605327244e-06,-3.0762186904653846e-06,3.62425489583984e-05,3.198103415546291e-05,0.8824168022004429,0.9584335166718263,0.1862326467465714,0.1095679012345679,5.396680649027985e-07,4.2003486526311056e-07,-1.1963309170369407e-07,1.7832478533819085e-06,1.4160038575020724e-06,0.7940589160483988,0.960808607729103,0.19171301714791592,0.06635802469135803,-3.838169504888356e-06,-6.291254676948299e-06,-2.4530820040700647e-06,4.739686846733093e-05,4.342785909849666e-05,0.9162600927618251,0.9652932603225541,0.19800512598049108,0.044753086419753084,5.616764156002318e-07,6.362942659692379e-07,7.461798304682539e-08,3.629715592978755e-06,3.767970715295972e-06,1.0380897948546313,0.9557801834070122,0.17014219074120715,0.024691358024691357
symhex_d1.0_c-0.5,symhex,symhex_d1.0,0.5,-0.5,6,6,1.1547005383792517,8,80,data_heat/symhex_d1.0_c-0.5__cell_-0.50.nc,2.7099779345007846e-06,1.0926210210107008e-06,-1.6173567884707465e-06,1.2700798833975568e-05,1.1111422252260447e-05,0.874860108998544,0.9420662385451539,0.1854351839882877,0.09259259259259259,1.3497636786041767e-08,1.598813266884854e-08,2.490493361742276e-09,8.558923525470163e-08,7.424045911712687e-08,0.8674041647433537,0.8468443842333084,0.17282934692459384,0.10648148148148148,3.1973554541764315e-06,9.645815063165975e-07,-2.232774839319579e-06,2.426223727525212e-05,2.1751168282993896e-05,0.896502990891959,0.9529745130264383,0.20745527224941207,0.08950617283950617,1.4528268366120756e-07,1.2666129102596118e-07,-1.8621375258917483e-08,4.7178423301375005e-07,5.130728081299255e-07,1.0875158011373647,0.9119021994987528,0.20363833999709074,0.043209876543209874,2.686761717995978e-06,-2.6078903755020544e-07,-2.9475520630434975e-06,3.198312333552167e-05,3.041524176361835e-05,0.9509778468020361,0.9656877991092551,0.18583083563640768,0.08487654320987655,3.347685435528547e-07,3.123471734109192e-07,-2.2420991571646598e-08,1.2266731346244342e-06,1.211956335427454e-06,0.9880026726096957,0.893317524995922,0.16339473016967263,0.021604938271604937
symhex_d1.0_c+0.0,symhex,symhex_d1.0,0.5,0.0,6,6,1.1547005383792517,8,80,data_heat/symhex_d1.0_c+0.0__cell_+0.00.nc,3.467307578830514e-06,1.2054005632893216e-06,-2.26190857536342e-06,1.1709890713973437e-05,9.373892583915425e-06,0.80051068049077,0.9203881802830614,0.24152200249831582,0.16666666666666666,4.152674648594257e-09,3.058556251855603e-09,-1.0941186951006365e-09,1.1511561126553715e-07,7.972668302822058e-08,0.6925792440463618,0.9143644259444059,0.1808190846045235,0.06481481481481481,3.3072917631216114e-06,1.2484611065423155e-06,-2.0588299972918583e-06,1.798983066692017e-05,1.563558287541984e-05,0.869134521881335,0.8997322674202429,0.2195311653607694,0.09104938271604938,2.1454829379763396e-07,1.4705712052426988e-07,-6.749128346562011e-08,1.0193862181040458e-06,8.742387548793694e-07,0.8576128844525327,0.9615904920353823,0.21084186031206203,0.10339506172839506,-3.725796204889775e-07,-1.7032533785447626e-06,-1.3306730572227034e-06,3.161613130941987e-05,2.7468482160034746e-05,0.8688122493927853,0.9390045574726685,0.1834646018498686,0.046296296296296294,4.13145187394548e-07,4.396038716433044e-07,2.645855953164763e-08,2.1422674763016403e-06,1.9772201627306557e-06,0.9229567197388823,0.9433754852982237,0.17365703758587125,0.04938271604938271
symhex_d1.0_c+0.5,symhex,symhex_d1.0,0.5,0.5,6,6,1.1547005383792517,8,80,data_heat/symhex_d1.0_c+0.5__cell_+0.50.nc,8.24171456770273e-06,4.015074748012706e-06,-4.226635512385852e-06,1.8554404960013926e-05,1.5781700817578574e-05,0.8505635643713324,0.9512422009488289,0.2873945094895614,0.2345679012345679,9.5867340732525e-09,9.181462720173572e-09,-4.052749927705505e-10,1.3338059545731085e-07,7.788596597815393e-08,0.5839377587955193,0.8794219363586054,0.19425904516618506,0.06790123456790123,7.5447478593559936e-06,3.366445880190048e-06,-4.178305797615877e-06,3.185296372976154e-05,2.7294670906353293e-05,0.8568958021589292,0.9371075742419455,0.26449553749496857,0.19135802469135801,4.850039090342761e-07,2.876831974887484e-07,-1.9732079232447377e-07,1.5777262660776614e-06,1.0343430632302922e-06,0.6555909510220311,0.9524192073493076,0.20624006184976448,0.05709876543209876,-3.4404820326017216e-06,-5.2941572818268155e-06,-1.8536759866090085e-06,4.312997771194205e-05,3.666223063547635e-05,0.8500405652963072,0.9360436405954683,0.1946245645299276,0.06790123456790123,5.911098241995205e-07,5.910839388811221e-07,-2.5934407903366146e-11,3.275572225902579e-06,3.2586845465621257e-06,0.9948443575119765,0.9438783386651025,0.1847342475321594,0.030864197530864196
symsq_d0.3_c-0.5,symsq,symsq_d0.3,0.15,-0.5,4,4,0.3,8,80,data_heat/symsq_d0.3_c-0.5__cell_-0.50.nc,2.6373959371994715e-06,2.0494043396547975e-06,-5.879913581065754e-07,1.8485186956240796e-05,1.6515745326207626e-05,0.8934583872646057,0.9611618178736632,0.177606633497938,0.029320987654320986,2.687455591399157e-08,2.5363166778022857e-08,-1.5113810676734547e-09,1.8189997774697986e-07,1.2956804311996293e-07,0.7123037876353682,0.9661746362315065,0.14215535154611467,0.041666666666666664,2.232502311017015e-06,1.4142278558689329e-06,-8.182741436222434e-07,3.510215901769698e-05,3.2925517043433507e-05,0.9379912223300537,0.9735230765562517,0.1793557575885869,0.029320987654320986,1.8095579434884712e-07,2.007239453740029e-07,1.9768077539356643e-08,7.245579922710021e-07,8.279470082603356e-07,1.142692534058286,0.9591920026031484,0.18924859814065362,0.044753086419753084,2.319317218280048e-06,1.3647678369523988e-06,-9.545485520979618e-07,4.602552144206129e-05,4.444695314290158e-05,0.9657023266722383,0.9696437744248808,0.17344369077275495,0.026234567901234566,4.0215067542703764e-07,4.126078298218629e-07,1.045691942503116e-08,1.733210751808656e-06,1.7261274363713135e-06,0.9959131828429112,0.9701051323275195,0.1726775141403007,0.032407407407407406
symsq_d0.3_c+0.0,symsq,symsq_d0.3,0.15,0.0,4,4,0.3,8,80,data_heat/symsq_d0.3_c+0.0__cell_+0.00.nc,1.3722667517868103e-06,2.6680424460474977e-08,-1.3455867082232948e-06,2.0541396224871278e-05,1.9339610707608384e-05,0.9414944581124536,0.9713407824739321,0.1538825574378749,0.05092592592592592,-1.2533297066852356e-08,-1.703711202927719e-08,-4.503811427786549e-09,2.356680113280163e-07,2.2697238912243171e-07,0.9631022379465769,0.9683231407278757,0.13729703364300086,0.029320987654320986,2.358734263907536e-06,1.3247387481482036e-06,-1.033995727321241e-06,3.261853271396831e-05,3.092660876559793e-05,0.9481299798735018,0.9766143996470922,0.15462551145474104,0.043209876543209874,4.667933950486258e-08,-9.511843189880048e-09,-5.619125332788523e-08,1.6425315152446274e-06,1.6537867231831482e-06,1.006852354328705,0.9893960905284965,0.18662610375513436,0.037037037037037035,-3.305344478121697e-07,-2.9024713864882876e-07,4.028947329229797e-08,5.098003020975739e-05,4.969878040014505e-05,0.9748676137628669,0.9749591554241741,0.1833621873520338,0.037037037037037035,2.8511868777059135e-07,1.6402457958572294e-07,-1.2109417268197333e-07,3.031313099199906e-06,2.882983158990987e-06,0.9510674300691441,0.9756836031713938,0.1458080303735527,0.037037037037037035
symsq_d0.3_c+0.5,symsq,symsq_d0.3,0.15,0.5,4,4,0.3,8,80,data_heat/symsq_d0.3_c+0.5__cell_+0.50.nc,8.417623575951438e-06,6.4957957656008355e-06,-1.921830419731076e-06,2.7236586902290583e-05,2.6389504967427303e-05,0.968899115814249,0.9701990183498918,0.189818117573833,0.06018518518518518,1.9856754462921344e-08,2.2553614854625682e-08,2.6968645802584127e-09,1.8419638081468293e-07,1.404606143025456e-07,0.7625590344462891,0.9544886065030843,0.17848292989599804,0.033950617283950615,6.738093816238688e-06,3.997042357019244e-06,-2.7410517349933663e-06,4.666403401643038e-05,4.554148146969919e-05,0.9759439454733824,0.9669572470288776,0.18460487460865568,0.035493827160493825,5.266140306048328e-07,5.244707793271091e-07,-2.143082857575962e-09,2.0280272110539954e-06,2.0047296983371327e-06,0.9885122287364405,0.9690799136112515,0.16125534095072772,0.018518518518518517,-3.211639977962477e-06,-5.977674282488246e-06,-2.766033377925407e-06,5.790470095234923e-05,5.9838910185388815e-05,1.0334033196135712,0.950950008497742,0.18828654089221106,0.027777777777777776,6.076332965676556e-07,7.23127219118428e-07,1.1549408369210518e-07,4.308585630496964e-06,4.812846479933534e-06,1.1170362835236043,0.950468455889836,0.1831342182469169,0.033950617283950615
symsq_d0.5_c-0.5,symsq,symsq_d0.5,0.25,-0.5,4,4,0.5,8,80,data_heat/symsq_d0.5_c-0.5__cell_-0.50.nc,2.5843748971965397e-06,1.3179563740253331e-06,-1.2664185082750287e-06,1.544908263895195e-05,1.3890220359835667e-05,0.8990967738637176,0.9198179111981124,0.17960850618729562,0.08487654320987655,2.28169376725873e-08,2.4830359324203978e-08,2.013441373822388e-09,1.4002459636230924e-07,1.1154867054512858e-07,0.7966362585077545,0.9303270505069071,0.18371887039032317,0.05709876543209876,2.140746346412925e-06,-4.712033747276241e-09,-2.1454581164041136e-06,3.0218907340895385e-05,2.8119226386402507e-05,0.9305176414617954,0.9398538765576673,0.1846101505978651,0.06790123456790123,2.0166318392966787e-07,2.1197351993245092e-07,1.0310430747040518e-08,7.051347665765206e-07,7.913015360669643e-07,1.1221990087211122,0.9603928478654592,0.17814560864560508,0.06172839506172839,1.8086219597535091e-06,-1.3324152048251183e-06,-3.141037466105605e-06,3.994516737293452e-05,3.922006636078549e-05,0.9818475910895712,0.9452718327273845,0.20450198133332861,0.06327160493827161,4.1219351487598033e-07,3.716914746979672e-07,-4.0502362518590275e-08,1.5552304830634966e-06,1.540913321456308e-06,0.9907941866089284,0.9443660739504255,0.2226125570757676,0.05709876543209876
symsq_d0.5_c+0.0,symsq,symsq_d0.5,0.25,0.0,4,4,0.5,8,80,data_heat/symsq_d0.5_c+0.0__cell_+0.00.nc,2.557941115810536e-06,2.677423362526484e-07,-2.290197275072735e-06,1.625488221179694e-05,1.3685421154886595e-05,0.8419268116845803,0.9298623730933542,0.18032804470910133,0.09567901234567901,-7.27327886806961e-09,-1.1066408971949e-08,-3.793138099273404e-09,1.8277390267940063e-07,1.4800877467507895e-07,0.809791619620322,0.9175767655425868,0.14709207508730493,0.043209876543209874,3.3255064408876933e-06,1.4277887876739917e-06,-1.89771987957477e-06,2.552883597672917e-05,2.075764629881084e-05,0.8131058665476362,0.9385245175771993,0.20052271312987166,0.05555555555555555,1.1317535353327912e-07,3.622841067192985e-08,-7.694695644748402e-08,1.3643211786984466e-06,1.2381576369711511e-06,0.9075265093754136,0.9767239714295352,0.15235195827651024,0.047839506172839504,-2.7628641419141786e-07,-5.822660474352989e-07,-3.0597978685077165e-07,4.3045081838499755e-05,3.899775374492875e-05,0.9059746684010006,0.9576950611330098,0.1870244038972261,0.038580246913580245,3.226395222100109e-07,2.8363931195687073e-07,-3.9000249811860005e-08,2.665253532541101e-06,2.4853365139440012e-06,0.932495345602051,0.956050579261512,0.18262346672233365,0.038580246913580245
symsq_d0.5_c+0.5,symsq,symsq_d0.5,0.25,0.5,4,4,0.5,8,80,data_heat/symsq_d0.5_c+0.5__cell_+0.50.nc,8.128599802148528e-06,6.062820478155793e-06,-2.065777815015976e-06,2.3815753593225963e-05,2.2184819128766515e-05,0.9315186706952098,0.961261676752534,0.20675459155739873,0.10030864197530864,1.8783385513643225e-08,1.9309724975447463e-08,5.26333021164155e-10,1.6536615987661207e-07,1.1620375458927684e-07,0.7027057692818304,0.9195430399396832,0.18119080845994406,0.041666666666666664,6.28498082733131e-06,4.122809264814851e-06,-2.162172984372233e-06,4.0321607229998335e-05,3.7146863850188254e-05,0.9212644634500545,0.9516405672184303,0.2067156172389721,0.07253086419753087,5.333384933692287e-07,4.3968522499280496e-07,-9.365312834256307e-08,1.8408228470434551e-06,1.6115057780212143e-06,0.8754268671803227,0.9513359743607976,0.21063547298799962,0.043209876543209874,-3.7112226891622413e-06,-4.953363122892067e-06,-1.242142758910338e-06,5.0897400797111914e-05,4.875976403861131e-05,0.9580010624310328,0.9450822003459158,0.17928649990978826,0.037037037037037035,5.842289283464197e-07,5.666210490169671e-07,-1.760813832255408e-08,3.915775778295938e-06,4.047473235879701e-06,1.0336325328722153,0.9310539495419372,0.17199230489179232,0.024691358024691357
symsq_d0.75_c-0.5,symsq,symsq_d0.75,0.375,-0.5,4,4,0.75,8,80,data_heat/symsq_d0.75_c-0.5__cell_-0.50.nc,2.6247219011565903e-06,7.535866823268254e-07,-1.8711355012444597e-06,1.3310268514032941e-05,1.1672319300693696e-05,0.8769409338652812,0.9128745193960385,0.20805120165656837,0.10185185185185185,1.6767328858691144e-08,1.9969085585304107e-08,3.2017541317129285e-09,1.0093493330032288e-07,9.709410503335352e-08,0.9619474829835046,0.8068793776785496,0.17444177862800472,0.08796296296296297,2.7442117698228685e-06,-3.6380632034193213e-07,-3.108017471386798e-06,2.5924009605660103e-05,2.299537005006521e-05,0.887029838356661,0.9282273722012406,0.18769499392675734,0.09104938271604938,1.7639663951740658e-07,1.8375431652686024e-07,7.357690274820027e-09,5.588051976701536e-07,6.614456615611057e-07,1.1836784344864626,0.9504252121132143,0.2290445042780231,0.07098765432098765,2.1473595097631915e-06,-2.582192572283025e-06,-4.729553194297796e-06,3.470762021606788e-05,3.261293401109465e-05,0.9396476568565338,0.9322913462010919,0.17731124897244802,0.08179012345679013,3.812575641859439e-07,3.4390603773714867e-07,-3.735143963873493e-08,1.3416565707302652e-06,1.3675158272419905e-06,1.0192741250450181,0.8863924488914332,0.18303039722471023,0.05864197530864197
symsq_d0.75_c+0.0,symsq,symsq_d0.75,0.375,0.0,4,4,0.75,8,80,data_heat/symsq_d0.75_c+0.0__cell_+0.00.nc,3.1442609724763315e-06,5.454018740780455e-07,-2.598860163669612e-06,1.2562868505483493e-05,9.823542315995316e-06,0.7819505801328331,0.8826583139291162,0.22635741461668338,0.14814814814814814,2.3509230673290915e-10,-2.7977247245029898e-09,-3.032815927987914e-09,1.3806983645281434e-07,1.0289926065437752e-07,0.7452696642365008,0.8828135377227103,0.182394282767004,0.06327160493827161,3.1702388696430717e-06,1.3059360449028526e-06,-1.8643052063769465e-06,1.9338223864906467e-05,1.5614081175215214e-05,0.8074206444341797,0.8629345531069792,0.2115412161068957,0.09722222222222222,1.9591777800087584e-07,7.521227508377692e-08,-1.207055440846355e-07,1.1162302371303667e-06,9.271018840239461e-07,0.8305651049261695,0.9329771931414902,0.20976063001259718,0.11574074074074074,-4.7585706397512695e-07,1.3963381695756453e-08,4.898208499565408e-07,3.558473690645769e-05,3.058928869221896e-05,0.8596182338689095,0.9128193981384619,0.18426378709715016,0.06790123456790123,3.963507708704128e-07,3.5584119492834915e-07,-4.0509481399034436e-08,2.2986509975453373e-06,2.2194706308714974e-06,0.965553549991541,0.9271993535944456,0.20367291266919332,0.07098765432098765
symsq_d0.75_c+0.5,symsq,symsq_d0.75,0.375,0.5,4,4,0.75,8,80,data_heat/symsq_d0.75_c+0.5__cell_+0.50.nc,8.35961509437766e-06,4.891647639414326e-06,-3.467970894396913e-06,2.0651908926083706e-05,1.7514032149347097e-05,0.8480587538920715,0.9196398538354753,0.2726994406883374,0.16666666666666666,1.3236389762028011e-08,1.501682733079014e-08,1.78043747474707e-09,1.4662448677427165e-07,9.705133574339244e-08,0.6619040098861724,0.8689278664472823,0.1993198705122633,0.07561728395061729,7.0826104092702735e-06,3.856142388477157e-06,-3.226470705537177e-06,3.512563125696033e-05,2.9076813971373818e-05,0.8277947735277239,0.9047417015613926,0.2522459495761226,0.13425925925925927,5.229982775745157e-07,2.890399594644108e-07,-2.3395843033088705e-07,1.732919940877764e-06,1.1092483711271705e-06,0.6401036452759096,0.938106173870325,0.2067287190773969,0.05246913580246913,-3.7764648368465714e-06,-3.949623855141983e-06,-1.7316055339667328e-07,4.663307117880322e-05,3.865972902159117e-05,0.8290195786882618,0.913597718080219,0.2124503945599194,0.06172839506172839,5.653416792483767e-07,5.825332818431919e-07,1.719136989755195e-08,3.53717996404157e-06,3.738218167355739e-06,1.0568357294109694,0.8881375393236124,0.1772482486445164,0.040123456790123455
symsq_d1.0_c-0.5,symsq,symsq_d1.0,0.5,-0.5,4,4,1.0,8,80,data_heat/symsq_d1.0_c-0.5__cell_-0.50.nc,2.5856343199848197e-06,3.981932678755793e-07,-2.187441114431131e-06,1.2293589861656073e-05,1.0387312626121348e-05,0.8449373000899894,0.8566177029231054,0.24199992840513726,0.13271604938271606,1.144904882011133e-08,1.4616047884394474e-08,3.1670087508879807e-09,7.967354065385734e-08,7.85540994287277e-08,0.9859496488301798,0.7817794813759739,0.15952041912707143,0.12191358024691358,3.1205165669234702e-06,-3.6061801087200204e-07,-3.4811357244310674e-06,2.3228914869832806e-05,2.0059041584037008e-05,0.8635376080390011,0.8815775481104117,0.2085177962911832,0.11574074074074074,1.2764341761339892e-07,1.4490568307187252e-07,1.7262168019184257e-08,4.4409335941963946e-07,5.846722341815564e-07,1.3165525261301623,0.8585198907124012,0.18023106043936288,0.06790123456790123,2.566608145571081e-06,-2.233615266088243e-06,-4.8002231415379474e-06,3.0846509616822004e-05,2.8095724197248103e-05,0.9108234463560255,0.9163323964182997,0.193444315241121,0.12037037037037036,3.1911079645396967e-07,3.3461303599166425e-07,1.5502245305200262e-08,1.1862526889672154e-06,1.2311266562010669e-06,1.037828337630931,0.7674584942853435,0.21695237972794496,0.05864197530864197
symsq_d1.0_c+0.0,symsq,symsq_d1.0,0.5,0.0,4,4,1.0,8,80,data_heat/symsq_d1.0_c+0.0__cell_+0.00.nc,3.830380592262372e-06,1.250301817691667e-06,-2.5800794511122935e-06,1.1368049854354467e-05,8.541187447026837e-06,0.75133268735228,0.8296876252979711,0.27079389400096315,0.1867283950617284,6.035341559851304e-09,1.4610469533654698e-10,-5.889235291716201e-09,1.0689281992881661e-07,6.378420788485974e-08,0.5967118084014971,0.8386700812792308,0.19325208866294816,0.08641975308641975,3.6083226859773276e-06,2.2121711319194515e-06,-1.3961511286258975e-06,1.7703245248412713e-05,1.4995473344188404e-05,0.8470465800914615,0.7893470626283783,0.24153125207051984,0.11265432098765432,2.3477571176044876e-07,9.601318653532435e-08,-1.3876244506796432e-07,9.687497595223249e-07,6.129449323211084e-07,0.6327175065553996,0.8563819044508495,0.22420814351092822,0.18364197530864199,-2.3802525106475514e-07,1.0338895470848937e-06,1.2719137486407476e-06,3.026297599717509e-05,2.5745968731185616e-05,0.850741471479503,0.8091889151555735,0.20733345593939614,0.06481481481481481,4.1341496626046137e-07,2.723170070241821e-07,-1.4109776725627422e-07,2.098641061820672e-06,2.0097892149091673e-06,0.9576621993498873,0.8648330693970778,0.2319036142744255,0.12191358024691358
symsq_d1.0_c+0.5,symsq,symsq_d1.0,0.5,0.5,4,4,1.0,8,80,data_heat/symsq_d1.0_c+0.5__cell_+0.50.nc,8.016011634026654e-06,2.7877888935921684e-06,-5.228226297706936e-06,1.7575610399944708e-05,1.3951452135965248e-05,0.793796165168132,0.8765984181491407,0.32032722361620003,0.26080246913580246,8.654835070842637e-09,7.955003346229252e-09,-6.998311600064096e-10,1.2849217512211908e-07,7.738652960543026e-08,0.6022664767864816,0.8479333666850405,0.17319392805404338,0.07561728395061729,7.389182883343892e-06,2.158799719717819e-06,-5.230384977412505e-06,3.0383074772544205e-05,2.396304159512067e-05,0.7886970550056037,0.8630462348868064,0.30982399556324647,0.2021604938271605,4.6554276877941447e-07,2.1428564701215533e-07,-2.5125715811437544e-07,1.505009663560486e-06,8.92623364688089e-07,0.5931014174197126,0.9271867497502392,0.2193311491161999,0.06172839506172839,-3.6882304357277462e-06,-4.474887954908432e-06,-7.86657483872853e-07,4.161892502452247e-05,3.200611217855218e-05,0.7690278439362314,0.8574548290826737,0.21293745739096803,0.07407407407407407,5.961219358141534e-07,5.43113740169394e-07,-5.30081927598928e-08,3.17880494549172e-06,3.289584800631082e-06,1.0348495290019206,0.8642130833996335,0.2167665829450168,0.038580246913580245
