n_gliders,diameter,config,n_disk_points,min_depth,max_depth,w_rms,w_mean_bias,w_corr,w_est_std,w_model_std,w_est_mean,w_model_mean,w_norm_rms,w_n,w_est_mean_se,w_model_mean_se,w_mean_bias_se,w_n_eff,w_n_eff_model,w_n_eff_est,w_tau,w_std_ratio,w_frac_mean_bias,flux_corr_25,flux_std_ratio_25,flux_mean_bias_25,flux_js_25,adv_corr_25,adv_std_ratio_25,adv_mean_bias_25,adv_js_25,flux_corr_50,flux_std_ratio_50,flux_mean_bias_50,flux_js_50,adv_corr_50,adv_std_ratio_50,adv_mean_bias_50,adv_js_50,flux_corr_70,flux_std_ratio_70,flux_mean_bias_70,flux_js_70,adv_corr_70,adv_std_ratio_70,adv_mean_bias_70,adv_js_70
3,0.3,circle_n3_d0.3,44,8,80,2.5944346392509505e-05,6.59619425616971e-07,0.9456444013867533,7.974956321901885e-05,7.516498154126066e-05,3.832282689234089e-06,3.1726632636171185e-06,0.34516533977019276,23976,1.0663603403683811e-05,1.0632181727030338e-05,8.877917975616874e-07,648.0,41.37971924901236,45.93816190590194,1.0,1.0609935848283492,0.2079071653084753,0.9640433810958214,1.0024004054049487,-7.010392128897187e-07,0.17926743167104428,0.9735128165454923,0.9844738589259547,1.9638849710051635e-09,0.14845499556461877,0.9649488954727932,1.0116077156327163,-6.607534719876674e-07,0.16327283127063394,0.9683992861186365,1.0261376057707237,-6.454602306778912e-09,0.1475151092476973,0.9459792100329013,1.0497242882950752,2.0347059873060466e-08,0.20071179206714893,0.9377265094310251,1.0608963098583937,-1.2154560459376299e-08,0.17888308999887584
4,0.3,circle_n4_d0.3,44,8,80,1.2998392619826748e-05,-6.482440234592957e-08,0.9855013012489364,7.658773659055837e-05,7.516498154126066e-05,3.107838861271191e-06,3.1726632636171185e-06,0.17293149487027384,23976,1.0618138981791452e-05,1.0632181727030338e-05,4.446052680283588e-07,648.0,41.37971924901236,43.03466888808675,1.0,1.0189284294378054,-0.0204321722665342,0.9860180510990447,0.9849832366917434,-7.650417328550441e-07,0.15399648409700703,0.9921427377536832,1.0048581493883157,6.613365061802768e-10,0.1405502432652311,0.9855289097021271,0.9930417081413155,-8.20331906690529e-07,0.15798960132935005,0.991625091383437,1.016223748280033,-1.7761071861407016e-08,0.16000954710495224,0.9845809242632005,1.0162595171118676,-3.397446894549569e-07,0.17304431388859737,0.9810548217900289,1.017655434206838,-4.323249015712895e-08,0.1577772451457732
5,0.3,circle_n5_d0.3,44,8,80,8.226707984560755e-06,2.4864217982432833e-07,0.9941636261977085,7.609046064631081e-05,7.516498154126066e-05,3.4213054434414474e-06,3.1726632636171185e-06,0.10944867963607267,23976,1.0647863651032494e-05,1.0632181727030338e-05,2.8465074680047224e-07,648.0,41.37971924901236,42.256515689130346,1.0,1.012312636630425,0.07837017646204726,0.989753564867607,0.966343497540528,-7.889167707192464e-07,0.14223937978037282,0.9947604462288764,0.9823637228308358,8.941998832102446e-10,0.128233737148069,0.9919655340613192,0.9776871271970295,-8.466065222089088e-07,0.12427114858341705,0.9962316458514925,1.0115815554928342,-1.295518585888212e-08,0.1256385905883103,0.9936348320850857,1.0060587024489216,-3.62892648877523e-07,0.1497012550088,0.992319572364327,1.0109316299920994,-2.6991405052885386e-08,0.14234229818759797
6,0.3,circle_n6_d0.3,44,8,80,6.180537701091848e-06,1.370557898917154e-07,0.9966890471595629,7.582711525636351e-05,7.516498154126066e-05,3.3097190535088333e-06,3.1726632636171185e-06,0.08222629174330517,23976,1.0688156043134396e-05,1.0632181727030338e-05,2.115208228488916e-07,648.0,41.37971924901236,41.67446070911651,1.0,1.0088090717449238,0.043198971496098706,0.9928941336190441,0.9789140230847495,-7.750549111194211e-07,0.11557838756957275,0.9944785579731205,0.9682200722384181,8.001424144295155e-10,0.1270539553928135,0.9937463912529537,0.9798044396258507,-8.055350911722278e-07,0.10472831771702945,0.9972399727677511,1.0052111800901957,-1.4788107536096502e-08,0.14483857403097194,0.9951784544050307,1.0033685819044247,-2.533876590132772e-07,0.17107375314336234,0.9942250380688019,1.0040247030300269,-3.04792410438903e-08,0.15476263760619802
3,0.5,circle_n3_d0.5,112,8,80,2.8672936863997557e-05,-2.895146571578262e-07,0.9147413533928387,7.096053245169035e-05,6.472700664874368e-05,2.7619057489399477e-06,3.051420406097774e-06,0.44298258715404515,23976,8.723576300219412e-06,8.732399011604043e-06,1.2341845799978483e-06,422.9411113602799,45.037282553063434,53.856553235047926,1.5321281913594942,1.0963048675613003,-0.0948786527675038,0.9194511803066232,1.016926512656461,-1.3536331862838108e-06,0.18820294190681983,0.9425246891497472,0.9849038228214427,-1.1060371333674799e-09,0.13946191136555638,0.9110423730469187,1.0328081712955375,-1.1896114583569558e-06,0.17195936873661213,0.9382435381610299,1.0373224488482544,-3.6049399711814837e-08,0.193533293662565,0.9087661998488585,1.0769075329334052,-2.5036730670698024e-07,0.16777893390906723,0.8988632122617931,1.0782955700731696,-6.50521681903371e-08,0.1903737177704382
4,0.5,circle_n4_d0.5,112,8,80,1.5070801063303901e-05,-8.782113569352624e-08,0.9737994028986113,6.626501661837511e-05,6.472700664874368e-05,2.963599270404248e-06,3.051420406097774e-06,0.23283636682118095,23976,6.672841693776656e-06,8.732399011604043e-06,5.202463172088657e-07,648.0,45.037282553063434,80.58366991001415,1.0,1.023761487658124,-0.0287804117446517,0.9589056836112233,0.9427315808023019,-1.393660199622023e-06,0.16896130067685988,0.9574993301463416,0.8789797083782324,4.4183465661561766e-10,0.1560832238256778,0.9615514817830442,0.9653990747648405,-1.2607916854016697e-06,0.16482884002845832,0.9786072158403643,0.9893416436252482,-2.957793493198013e-08,0.16087272700472305,0.9694832461191333,1.001573861153945,-2.894278946180481e-07,0.16081597531646688,0.9687253995820362,0.9977724767721016,-5.702183492457973e-08,0.140163564491677
5,0.5,circle_n5_d0.5,112,8,80,9.975269648794625e-06,-2.0214196708490594e-07,0.9883374693812945,6.549286665413275e-05,6.472700664874368e-05,2.849278439012868e-06,3.051420406097774e-06,0.1541129455117208,23976,8.686052070965913e-06,8.732399011604043e-06,3.416120208228472e-07,648.0,45.037282553063434,46.48430782713987,1.0,1.0118321554640275,-0.06624520393222699,0.9792071194730003,0.946807525020813,-1.3226841523546107e-06,0.1624618640926957,0.9785408113240127,0.8759580074958073,-3.0529114996489016e-12,0.11311180082017987,0.9789514530103094,0.9648212086542642,-1.1557331868945715e-06,0.14531991385645118,0.9905031310226681,0.9797847659801892,-3.402764121846699e-08,0.18193374469684967,0.9842149153419057,1.0019436417747107,-3.067395248193024e-07,0.15796216994069393,0.9825874456927921,0.9914350964569856,-5.4323531849166084e-08,0.15315794058526586
6,0.5,circle_n6_d0.5,112,8,80,6.563524366443035e-06,-9.301537367642123e-08,0.9948749460156424,6.488266011087959e-05,6.472700664874368e-05,2.9584050324213544e-06,3.051420406097774e-06,0.10140318093282984,23976,8.686718841314345e-06,8.732399011604043e-06,2.2199624138249448e-07,648.0,45.037282553063434,45.699470931369774,1.0,1.0024047684296695,-0.030482647848374133,0.9816357775957821,0.9449545353304484,-1.3228037437563244e-06,0.17375102255248084,0.9784602051973889,0.8516721475021772,6.407105905490729e-10,0.1447179688543155,0.9843638265455182,0.9565835653126551,-1.1923030236571481e-06,0.1561923686550977,0.9928591889235268,0.9758698046574078,-3.0162251075885205e-08,0.17418032024941618,0.9902490845580759,0.9875151108556309,-3.8957172667565836e-07,0.14464263346387848,0.9878689693249859,0.9820753178832854,-5.069260546390492e-08,0.1342338692105097
3,0.75,circle_n3_d0.75,256,8,80,3.3462075700679116e-05,-9.166895460568461e-07,0.8525229593525654,6.397864749148517e-05,5.3787812317847155e-05,4.805852268586555e-06,5.722541814643399e-06,0.6221125987229671,23976,5.551349373219205e-06,5.449078218545874e-06,1.7346223549310674e-06,295.7662470797566,79.10568105941623,107.44598673318886,2.1909193709492474,1.189463648631358,-0.16018922635237567,0.8606607495084054,1.0426424618082712,-1.9121026713903944e-06,0.21007690988640823,0.8748376152946983,1.0736554302809764,-5.559455917896724e-09,0.17433511152874379,0.8361305934963268,1.1160461197403775,-1.4650631329442152e-06,0.17762482198740703,0.8986785080154998,1.0501567880690583,-4.918589330135027e-08,0.18487267295251614,0.8586329020701026,1.1819271999203524,-1.9073348593991768e-07,0.19204240674978487,0.813037559993608,1.1852540304923442,-7.26537130331896e-08,0.20459569710511533
4,0.75,circle_n4_d0.75,256,8,80,1.5911813935697766e-05,-3.848057601284844e-07,0.9587809990213713,5.598088396903732e-05,5.3787812317847155e-05,5.337736054514915e-06,5.722541814643399e-06,0.2958256387463842,23976,5.410118131207661e-06,5.449078218545874e-06,7.097288856757878e-07,387.07105780248975,79.10568105941623,86.43149419743405,1.6741112179217856,1.040772650098329,-0.06724385292280537,0.9160892971285434,0.9217104337898582,-1.8884580228051236e-06,0.2129450333453332,0.9329757039029878,0.9293038370672787,-1.802690308718765e-09,0.1440437320571121,0.9229043285144902,0.9568413014357128,-1.6330394012674415e-06,0.17215543538679295,0.9613559874794002,0.9618554876875632,-4.4705487134689616e-08,0.1502070605113024,0.9502800698421697,1.006031738852741,-8.636218136189428e-07,0.17343096860657142,0.9440589547766137,1.0042420188626344,-3.695664393515655e-08,0.17616580793649708
5,0.75,circle_n5_d0.75,256,8,80,1.0220348807450604e-05,-1.950886349294777e-07,0.9824134795672175,5.47265834092505e-05,5.3787812317847155e-05,5.527453179713922e-06,5.722541814643399e-06,0.190012353487361,23976,5.448018810633703e-06,5.449078218545874e-06,3.728279600343123e-07,578.0696600407504,79.10568105941623,81.70811859291072,1.1209721678773454,1.017453230591642,-0.034091255468027486,0.95332172201436,0.8882359281148862,-1.840555448032063e-06,0.19021340632771902,0.9497294436883978,0.8824834819139986,3.419649992135323e-11,0.16015156949701254,0.9489019472305215,0.9309063160768953,-1.601317661195736e-06,0.1997781345378204,0.9779709440196706,0.9319103582851943,-4.320706439795699e-08,0.17368900299325996,0.9680044400150758,0.9873687014594289,-6.771937202909119e-07,0.15773225463967233,0.9676873268839199,0.9760818949437481,-2.9243554347555645e-08,0.15324874692800183
6,0.75,circle_n6_d0.75,256,8,80,7.521992122457967e-06,-7.558921660599954e-08,0.9903875961052578,5.4376281014800726e-05,5.3787812317847155e-05,5.6469525980373996e-06,5.722541814643399e-06,0.13984566016569744,23976,5.459025716360396e-06,5.449078218545874e-06,2.6050915406068075e-07,648.0,79.10568105941623,80.49746397266917,1.0,1.0109405583085653,-0.013209028270020582,0.9602449958534114,0.8984361655686172,-1.8019923405940456e-06,0.2027774095422676,0.9586013345485785,0.8345455098586845,3.922365088074659e-10,0.17737308699166204,0.9571457198579331,0.9271456457030605,-1.6043714781157446e-06,0.1672472292285255,0.983097138917359,0.9357736420474201,-4.1453249781581974e-08,0.16578961417427887,0.9784597013696779,0.9829152697651985,-7.85023046552882e-07,0.1491647111622219,0.9750757535997009,0.9768897137307692,-2.171390084724808e-08,0.17226345867359066
3,1.0,circle_n3_d1.0,448,8,80,3.448394349787809e-05,-1.107097119699055e-06,0.8020517855232626,5.7707339794214855e-05,4.640146644764257e-05,6.2684909272679165e-06,7.375588046966971e-06,0.7431649501161411,23976,4.579924162427859e-06,4.6860808771309605e-06,2.0953424702544675e-06,212.54705814305666,79.11413509410514,127.08701487022248,3.048736621721943,1.243653362967081,-0.15010289520634512,0.8208479393877015,1.0006515872831379,-1.9803992870763827e-06,0.25223714279722936,0.8020946149132017,0.8020023106084285,-9.216894221371172e-10,0.11853442161748572,0.751102540036926,1.111361788364992,-1.7199284431086728e-06,0.23373968574483536,0.8536903176476857,1.0215165536733914,-6.655146031018909e-08,0.20344153080053914,0.7968486645650978,1.1914512542393711,-6.781472613158404e-07,0.20757155508545286,0.7519972617972324,1.187195221512456,-6.449727377400749e-08,0.20167862651379753
4,1.0,circle_n4_d1.0,448,8,80,1.609867333145016e-05,-5.440611409361282e-08,0.9435678675255412,4.858016469394516e-05,4.640146644764257e-05,7.3211819328733575e-06,7.375588046966971e-06,0.3469432016683183,23976,4.7144584044487265e-06,4.6860808771309605e-06,8.089797631121066e-07,302.68481667820936,79.11413509410514,85.09501602919448,2.1408407831995833,1.0469532196522484,-0.007376512048552656,0.8874300216946088,0.8894220360255802,-2.2055260356949173e-06,0.2666043342180249,0.9062285592983351,0.8126452677619026,4.4914514817632033e-10,0.15701880646647468,0.8708289726459856,0.924921885662589,-2.026134760539126e-06,0.21857597585009103,0.9376718998338034,0.918172600502689,-5.512751796988781e-08,0.1895206141013138,0.9247788141221361,0.9774806957275531,-9.947793922392648e-07,0.22575674974707516,0.9230638440248989,0.9633846821509545,-2.0683280004413423e-08,0.20199788986573175
5,1.0,circle_n5_d1.0,448,8,80,1.0523260605922014e-05,-3.044764254713342e-07,0.9752809873555628,4.7603317608110146e-05,4.640146644764257e-05,7.071111621495637e-06,7.375588046966971e-06,0.2267872421186518,23976,4.649949796871776e-06,4.6860808771309605e-06,4.929153451848815e-07,356.516599745539,79.11413509410514,84.57566387540818,1.8175871767612084,1.0259011460731247,-0.04128164744728966,0.9202593861976563,0.8574896757894183,-2.0497489676859916e-06,0.21471790406922192,0.897784591547005,0.7663355604268154,5.981096192165613e-10,0.1557472080409062,0.8985731385747288,0.9158103389888647,-1.834755392899129e-06,0.20272845897461023,0.9603793592529352,0.9123206459261972,-5.637469610059213e-08,0.1905815511741331,0.9475589277262323,0.9568559344187313,-9.167202227664275e-07,0.14154708594621093,0.9435074245410688,0.9515549359793468,-2.56553106884616e-08,0.1878992834204519
6,1.0,circle_n6_d1.0,448,8,80,7.497442891849591e-06,-4.187975089907867e-08,0.9870886764388397,4.6787340023248176e-05,4.640146644764257e-05,7.333708296067893e-06,7.375588046966971e-06,0.16157771436619112,23976,4.661242282915331e-06,4.6860808771309605e-06,3.182937548348182e-07,432.5393813592047,79.11413509410514,81.24124120338891,1.498129483525258,1.0083159780314488,-0.005678157542475638,0.9386294429561043,0.847911975564894,-2.116979634123451e-06,0.24021374296896345,0.9348428156839264,0.8065667208902844,1.3378549470572496e-09,0.1538455553761087,0.9189782338191946,0.8912371305284656,-1.9870907459499646e-06,0.2341835228158497,0.9723885224511484,0.9131142521972639,-5.178021417601339e-08,0.15780561446768954,0.9637930595714694,0.9432977258151914,-1.176283407355335e-06,0.18776896219107275,0.9579085323108015,0.9410616287360547,-8.003795310447692e-09,0.19088611265411917
