config,shape,diameter,depth,field,js,js_null,js_null_p95,ks,wasserstein,obs_mean,true_mean,obs_std,true_std,obs_skew,true_skew,n_obs,n_true
symhex_d0.3_c+0.0,hexagon,0.3,25m,T,0.08774197872510953,0.182491140319675,0.257941628043922,0.013695987654321007,0.006755969308239221,25.693337334984015,25.68902832596477,0.40595046540491186,0.40392212028423646,-0.8739555908833195,-0.9819791574543896,1296,10368
symhex_d0.3_c+0.0,hexagon,0.3,25m,S,0.07684560955522841,0.16360370933295973,0.22321161414565824,0.012345679012345623,0.0010490101864088078,35.12945486996955,35.129775688171215,0.12314217683969639,0.12340943384045684,-0.12966554721754914,-0.13630659743715093,1296,10368
symhex_d0.3_c+0.0,hexagon,0.3,25m,U,0.08456905171311367,0.16909115467574112,0.2439081406790608,0.011670524691358097,0.003239451318729567,-0.11325473378429216,-0.11174038171340023,0.2265057089569528,0.22633669847121624,0.052219216242686495,0.05544926279886054,1296,10368
symhex_d0.3_c+0.0,hexagon,0.3,25m,V,0.09938243395456123,0.18043599519635664,0.23055181679134912,0.010706018518518517,0.003381933157146352,-0.015965169571038752,-0.015963349378049854,0.29269878567461605,0.2933595033763943,0.010801546127669035,0.012979699587967155,1296,10368
symhex_d0.3_c+0.0,hexagon,0.3,25m,W,0.10094819979408844,0.19376366061575906,0.24770428564831592,0.029996141975308643,4.482938439682188e-06,-3.585850121233551e-07,4.799104078180092e-07,6.393934925866944e-05,6.699325328010011e-05,-1.622541123358173,-0.7328770852423202,1296,10368
symhex_d0.3_c+0.0,hexagon,0.3,25m,sigma0,0.0973291184030235,0.1778705796065255,0.24860878273424464,0.018229166666666685,0.0029476591053266615,23.22743623199986,23.229019964500083,0.15220849259845276,0.15135067559864696,-0.054983276748341595,0.030937340336786648,1296,10368
symhex_d0.3_c+0.0,hexagon,0.3,50m,T,0.10359938673479496,0.1934075431617756,0.2677803992286794,0.01707175925925919,0.006260489262990061,25.581880923623544,25.57905166283434,0.4020042538210739,0.40055158554025905,-0.7628540826907825,-0.8083507064293418,1296,10368
symhex_d0.3_c+0.0,hexagon,0.3,50m,S,0.07696248953170819,0.1583386500365911,0.22053978155564447,0.012442129629629622,0.0010601376369393217,35.142819198750075,35.14283518842709,0.10817634546703657,0.1084101672961687,0.09134344591173327,0.09431333561287752,1296,10368
symhex_d0.3_c+0.0,hexagon,0.3,50m,U,0.09441683633455884,0.1676441879278958,0.246157070491006,0.014274691358024671,0.0032085103096816357,-0.012428884152620893,-0.011622022494457401,0.20476960320295123,0.20216400709240573,0.18944894221816772,0.16285037856345314,1296,10368
symhex_d0.3_c+0.0,hexagon,0.3,50m,V,0.08809031828273199,0.19120340256061125,0.25533992729582955,0.013695987654320993,0.0035272335840589525,-0.0182343896058813,-0.018441357611747856,0.27849570424187914,0.27972996883936807,0.00689413282970173,0.012172787891312072,1296,10368
symhex_d0.3_c+0.0,hexagon,0.3,50m,W,0.10627030987201164,0.17964808305909286,0.2463315874931613,0.025655864197530853,5.161492653070244e-06,4.3164759058157856e-07,2.1921399630541897e-06,0.000102576168341831,0.00010748590723453379,-0.809104367121425,-0.6632077862179975,1296,10368
symhex_d0.3_c+0.0,hexagon,0.3,50m,sigma0,0.0871642272174531,0.18008057027147195,0.2601288440679808,0.01273148148148151,0.0022517084381070205,23.272066182882387,23.272956907575633,0.1266411159969057,0.12566353633653896,0.17474645644101156,0.24280607393524728,1296,10368
symhex_d0.3_c+0.0,hexagon,0.3,75m,T,0.09519612340865787,0.1747810576814911,0.24651246234870403,0.016493055555555525,0.011178230727542798,25.11109729173722,25.101338856382135,0.5566414714720563,0.5568174449462079,-0.3861235219995002,-0.36715487873124775,1296,10368
symhex_d0.3_c+0.0,hexagon,0.3,75m,S,0.110235503220582,0.2173183259142327,0.2861644272546421,0.020351080246913622,0.0019936278217873474,35.187102320887824,35.187040542746765,0.07979244885625508,0.0784959198048351,0.26041773874154023,0.3164863931344647,1296,10368
symhex_d0.3_c+0.0,hexagon,0.3,75m,U,0.10593064524740395,0.17124149712510953,0.24632134431372357,0.022569444444444448,0.0049496286708005125,0.26200344732341063,0.2654906942060218,0.2194088103084268,0.21780167062855182,0.3931827156219519,0.40198245773152363,1296,10368
symhex_d0.3_c+0.0,hexagon,0.3,75m,V,0.07792551676740672,0.16630292042096323,0.24901058246083005,0.013117283950617287,0.0024870660685422,-0.026828588376831945,-0.0264839759145174,0.22615758940733355,0.2259052084201241,0.004726550490841524,0.004316178109888093,1296,10368
symhex_d0.3_c+0.0,hexagon,0.3,75m,W,0.10362472243234505,0.18812812709682686,0.24445869668244444,0.022472993827160503,3.752784307021914e-06,5.466776265043645e-06,5.309249930406759e-06,0.00011660272070743044,0.0001221899643727412,-0.04440058560181243,-0.2072984757480664,1296,10368
symhex_d0.3_c+0.0,hexagon,0.3,75m,sigma0,0.10329464072836438,0.18855421236279127,0.2507085150538501,0.02083333333333333,0.004269962794293021,23.449658728671512,23.45259245165656,0.14434570276219194,0.14357671978321757,0.2652257810050395,0.2860533276686223,1296,10368
symhex_d0.3_c+0.0,hexagon,0.3,depthavg,T,0.09847757278680355,0.1820904488430359,0.24023563464963432,0.02401620370370372,0.006200337760304907,25.52590358017158,25.521062239059795,0.40096207456769195,0.40086285634552377,-0.7329630830013554,-0.7723197880561776,1296,10368
symhex_d0.3_c+0.0,hexagon,0.3,depthavg,S,0.09647974169074867,0.15954511176252664,0.241516387068457,0.012635030864197525,0.0010437620243354982,35.14725117222535,35.14737953498846,0.10597893893565341,0.10601175301420208,0.08845257607348428,0.09127273509692388,1296,10368
symhex_d0.3_c+0.0,hexagon,0.3,depthavg,U,0.10150086310296536,0.1677261289733653,0.2383321880623806,0.01504629629629628,0.0031341513469241985,0.0035362956219443836,0.005236498621580038,0.20460142593111688,0.20305294492405931,0.21209200804504966,0.20984934725786117,1296,10368
symhex_d0.3_c+0.0,hexagon,0.3,depthavg,V,0.1102574650777256,0.1781053482437673,0.2519411155813166,0.011188271604938294,0.0030810740297255697,-0.018400303334783565,-0.018418783792777817,0.2706937676251888,0.27149804260584487,0.018806490079078902,0.024430844434823767,1296,10368
symhex_d0.3_c+0.0,hexagon,0.3,depthavg,W,0.10182200943395814,0.18622828290822913,0.2552016364292414,0.022472993827160503,3.914118252324257e-06,1.3361431622455685e-06,2.242017235922318e-06,8.217815610710353e-05,8.634834735330592e-05,-0.6033582731925373,-0.5436253690983566,1296,10368
symhex_d0.3_c+0.0,hexagon,0.3,depthavg,sigma0,0.09220866246155104,0.170221483114007,0.25085286514882305,0.015625,0.0023167536062951985,23.292379594955616,23.293971486803972,0.12193242477451632,0.12116425827324714,0.2700872193238131,0.3460541866584423,1296,10368
symhex_d0.5_c+0.0,hexagon,0.5,25m,T,0.09561911998298576,0.18006777678746821,0.26807617350192087,0.015718339307049023,0.011436530151015834,25.703295753480166,25.693928260349644,0.4144805917334301,0.4072178898569309,-0.64315501723426,-0.8578088780406287,1296,26784
symhex_d0.5_c+0.0,hexagon,0.5,25m,S,0.09554011353756985,0.1613472974715669,0.242961051574131,0.016390382317801655,0.002172208773027778,35.12824864637965,35.12932059210076,0.1224482752169655,0.12316156907919312,-0.11398477502630461,-0.12826934540422388,1296,26784
symhex_d0.5_c+0.0,hexagon,0.5,25m,U,0.0970272235956153,0.16597958422045395,0.25648367991380255,0.01286837913182004,0.004512233736399431,-0.11691013730370307,-0.11341510798503027,0.2259924147195699,0.22635113008823776,0.027630265602319713,0.048783712673329996,1296,26784
symhex_d0.5_c+0.0,hexagon,0.5,25m,V,0.07584750556208172,0.1815134797915217,0.261757954719857,0.01426224611708482,0.004386598253283002,-0.01694561164002583,-0.016046659932940625,0.2900788994502304,0.2923996580660658,-0.001146368602070673,0.009718784862507329,1296,26784
symhex_d0.5_c+0.0,hexagon,0.5,25m,W,0.11413974379316069,0.1761908791025884,0.2485612913837852,0.03046594982078854,3.8336376257083275e-06,2.933723307428225e-06,5.696789632628743e-07,6.680408053486359e-05,7.129903434243783e-05,-1.3349357085699545,-1.4561987962369969,1296,26784
symhex_d0.5_c+0.0,hexagon,0.5,25m,sigma0,0.11060519562413225,0.20382842394331635,0.293121240831012,0.033091895659099924,0.005529622656800584,23.223412822297043,23.22714788626595,0.15550106039049458,0.15269714356910447,-0.22945659575834282,-0.06568963580965131,1296,26784
symhex_d0.5_c+0.0,hexagon,0.5,50m,T,0.08674205447261947,0.17456034484030436,0.2626199252893684,0.023036140979689312,0.010663405579631335,25.591136206513262,25.582653910206496,0.4057634401912032,0.40270027080358367,-0.664170873973362,-0.7572750706697511,1296,26784
symhex_d0.5_c+0.0,hexagon,0.5,50m,S,0.09102425555008813,0.15546945235200924,0.2237356680089254,0.021667164476304263,0.0020241012681012677,35.141364222272884,35.142568380388305,0.10881850069142496,0.10846567718181695,0.0667846565775029,0.08566951125146251,1296,26784
symhex_d0.5_c+0.0,hexagon,0.5,50m,U,0.10644268246931547,0.1692903729714657,0.2446351100768117,0.020248407009159697,0.005420493925599782,-0.016842875538614983,-0.012903132805115925,0.20790719260218687,0.20475582390110728,0.1797033961493378,0.18702368261851585,1296,26784
symhex_d0.5_c+0.0,hexagon,0.5,50m,V,0.07835112096065294,0.17690927277976598,0.2505866449793787,0.013577757865392281,0.003821449092230692,-0.019136958794862338,-0.018437164852001274,0.27661199323646934,0.2785071833082179,-0.001562667649990933,0.007132168561305734,1296,26784
symhex_d0.5_c+0.0,hexagon,0.5,50m,W,0.10287791836212064,0.16290679289430524,0.234308077577724,0.02233920748705695,4.847327020172155e-06,6.205768827408672e-06,2.4421223397108022e-06,0.00010871236111873478,0.00011185414328612171,-0.7770700848108997,-1.0071605266888308,1296,26784
symhex_d0.5_c+0.0,hexagon,0.5,50m,sigma0,0.0975092207186079,0.19605332183309998,0.2729265850001928,0.020808442851453612,0.004613392867200527,23.268096146554647,23.27163595485669,0.1299458134323204,0.12724813067925683,0.021829570479367948,0.16104501354646097,1296,26784
symhex_d0.5_c+0.0,hexagon,0.5,75m,T,0.08744901139855779,0.1739069694079473,0.24872250227767612,0.02893518518518512,0.02450870218664797,25.135417374436916,25.112657081340235,0.5589720290069706,0.5578210769637886,-0.40360748621416204,-0.3831345026559956,1296,26784
symhex_d0.5_c+0.0,hexagon,0.5,75m,S,0.13492414740032657,0.21160416440566104,0.317353563768605,0.030465949820788485,0.00462731519996183,35.18554328855233,35.186820885186556,0.08535515212891756,0.08057760556907126,0.1126266609972461,0.2376293572343427,1296,26784
symhex_d0.5_c+0.0,hexagon,0.5,75m,U,0.1019507803871266,0.1734506341833902,0.26800669270218097,0.025487853444842612,0.010235507066200265,0.2506156318128178,0.26080028844993147,0.21760815625283295,0.21875687773320904,0.3668152944556842,0.38991635599612373,1296,26784
symhex_d0.5_c+0.0,hexagon,0.5,75m,V,0.09007416691974607,0.1687856405451268,0.2508597025221806,0.014946734368777359,0.003143555542961266,-0.026027136673251242,-0.026675610417560315,0.22857172536398734,0.22666148861562244,-0.013413014276807567,0.0011451865093514886,1296,26784
symhex_d0.5_c+0.0,hexagon,0.5,75m,W,0.07865664427099334,0.17384273907229564,0.26089902207853966,0.021965850258860997,4.494000400694097e-06,1.1344539204327504e-05,7.159029457516385e-06,0.00012171611788932883,0.00012290628052510458,-0.09449158363218736,-0.14709044293736329,1296,26784
symhex_d0.5_c+0.0,hexagon,0.5,75m,sigma0,0.10417267462474937,0.18057267181788988,0.27642340936206966,0.02907208283552376,0.008838902114522375,23.44103772525589,23.448964509714337,0.14724151982652417,0.14507344190583846,0.14979519032704713,0.2414358752989123,1296,26784
symhex_d0.5_c+0.0,hexagon,0.5,depthavg,T,0.09380408507295036,0.16541449098240632,0.25606001809172085,0.02903474711270415,0.01223300353085985,25.53843676835576,25.526705534675624,0.40379588018483287,0.4016900598713039,-0.6567117062785854,-0.7295132761633625,1296,26784
symhex_d0.5_c+0.0,hexagon,0.5,depthavg,S,0.11031169473046952,0.16569957429103158,0.25956432046330863,0.025238948626045407,0.001768943960329492,35.14592235976083,35.14705671918006,0.10679443068792892,0.10620834072411427,0.0745802424041784,0.08553511866224167,1296,26784
symhex_d0.5_c+0.0,hexagon,0.5,depthavg,U,0.09814520832537814,0.1649702082382584,0.264074334860665,0.027267522899243335,0.005897405981029688,-0.002068001427575235,0.0030532674468537096,0.20568923449817633,0.20442605554667426,0.1826482425989728,0.20722705198026378,1296,26784
symhex_d0.5_c+0.0,hexagon,0.5,depthavg,V,0.08672434464850047,0.16790236617328053,0.25882232163156277,0.013963560334528058,0.0034825191724140504,-0.01893396793905436,-0.018475873924033447,0.26936243076041083,0.2707086730063546,0.006406815396886829,0.01826687967450235,1296,26784
symhex_d0.5_c+0.0,hexagon,0.5,depthavg,W,0.08901205017303572,0.15531635896948967,0.22567219926107812,0.023098367184388707,3.5072855491246407e-06,5.8961951654252e-06,2.775240756229891e-06,8.720333887828924e-05,8.911429810990399e-05,-0.6323646616489675,-0.7848329789507145,1296,26784
symhex_d0.5_c+0.0,hexagon,0.5,depthavg,sigma0,0.11449393625816548,0.18259860040675088,0.2661614795708418,0.022936579052170447,0.005004764805334492,23.287499166117478,23.291982808489514,0.12526008339876218,0.1224866719536107,0.10690042219325066,0.2570840559368774,1296,26784
symhex_d0.75_c+0.0,hexagon,0.75,25m,T,0.10619860834286834,0.16503316284265934,0.2468592552519058,0.03704254850088173,0.021295726024272727,25.719836084876714,25.702000060387206,0.4280790341698807,0.41389528612354637,-0.3852720806883037,-0.6850589870878626,1296,60480
symhex_d0.75_c+0.0,hexagon,0.75,25m,S,0.11514078226112141,0.1639611685865534,0.25868822827531945,0.02760141093474422,0.0032834203722068686,35.12648898811429,35.12836579144872,0.12183685935551992,0.12269668589783277,-0.1164284881608434,-0.11967879807140773,1296,60480
symhex_d0.75_c+0.0,hexagon,0.75,25m,U,0.09281098794326026,0.15366297090674497,0.23413063942023724,0.019257054673721324,0.006737912222569965,-0.12300924537723895,-0.11644638579634041,0.2265388163469731,0.2262724100024834,-0.027316108806210486,0.023744937840925004,1296,60480
symhex_d0.75_c+0.0,hexagon,0.75,25m,V,0.08923466724054137,0.15957361327655403,0.26361650824792066,0.02066798941798942,0.006376556699774775,-0.018756324309426385,-0.01687291185690335,0.28476481379677926,0.29017027432299475,-0.009125864998060057,0.0015305664583123606,1296,60480
symhex_d0.75_c+0.0,hexagon,0.75,25m,W,0.10672603626511538,0.15934970331471945,0.25025510890373637,0.043011463844797176,6.086004636465428e-06,7.468005183818073e-06,3.2747478003913635e-06,6.245805050659388e-05,7.337999116909456e-05,-0.7002309124781427,-1.250113051672458,1296,60480
symhex_d0.75_c+0.0,hexagon,0.75,25m,sigma0,0.12705768682062782,0.18402838993675485,0.2543158130441869,0.047685185185185275,0.009311083804089975,23.216913170382835,23.223904793054714,0.1610819773129943,0.1554142514583738,-0.4151148532711024,-0.19559592413637933,1296,60480
symhex_d0.75_c+0.0,hexagon,0.75,50m,T,0.09479793823819598,0.17503291572770222,0.2560919255795927,0.03296406525573192,0.02275804587156136,25.61039387181768,25.590817700255485,0.4177872765649049,0.40624733418099507,-0.4970410464365278,-0.6775802572268379,1296,60480
symhex_d0.75_c+0.0,hexagon,0.75,50m,S,0.11408350407987661,0.1687168950759449,0.2573447064298877,0.028235229276896034,0.0035600694820268797,35.13865234709533,35.141325007954606,0.11054872366463067,0.10903948373922946,-0.0009241286904803315,0.06510947129520755,1296,60480
symhex_d0.75_c+0.0,hexagon,0.75,50m,U,0.10149282287087968,0.16954341306388424,0.26556567251007246,0.03414351851851849,0.01090118973823511,-0.027531655972893917,-0.016942934140876113,0.21057975946250407,0.20681109788925828,0.12641374332629926,0.17109866446465738,1296,60480
symhex_d0.75_c+0.0,hexagon,0.75,50m,V,0.08339502423804179,0.15707890263676674,0.2550779193055234,0.018121693121693094,0.004710363351953767,-0.02137316139866467,-0.019233374732066287,0.27389382411962787,0.277037901187673,-0.0071147610473073185,0.0016645715096029233,1296,60480
symhex_d0.75_c+0.0,hexagon,0.75,50m,W,0.08451555660266762,0.14763570744268426,0.20209118817553653,0.032936507936507986,6.934193635796929e-06,1.2903853258588239e-05,6.584043726683725e-06,0.00010650434162423017,0.00011481253665205068,-0.4296180050339348,-0.9581166229203575,1296,60480
symhex_d0.75_c+0.0,hexagon,0.75,50m,sigma0,0.10484851237403275,0.16628894057537322,0.25680193185593986,0.044912918871252205,0.009536611729228482,23.260057204575062,23.268163464198985,0.13732197712302294,0.13011636945461236,-0.22604658204222605,0.03263089228891266,1296,60480
symhex_d0.75_c+0.0,hexagon,0.75,75m,T,0.0997618798048172,0.15551243048032357,0.21909342340431628,0.0394786155202822,0.04280052224213212,25.17067474195054,25.130730390580243,0.562357601089803,0.5599491663973512,-0.4730303318192714,-0.40012634032337097,1296,60480
symhex_d0.75_c+0.0,hexagon,0.75,75m,S,0.12764849483619023,0.2204263073354614,0.34587758533590507,0.04507275132275132,0.0071642153737210505,35.18182171240055,35.18550448064451,0.09367236527967322,0.08473487623874389,-0.03769664063921839,0.1258403379686944,1296,60480
symhex_d0.75_c+0.0,hexagon,0.75,75m,U,0.11065135659494282,0.16086749550928459,0.23816986030681214,0.04590498236331564,0.022016836536688147,0.22972836097856528,0.2517451975152534,0.21122627518582315,0.21701969878523467,0.27852357955616724,0.36489529596430936,1296,60480
symhex_d0.75_c+0.0,hexagon,0.75,75m,V,0.09839003681883665,0.13798633333690452,0.1855033133265922,0.016407627865961172,0.004292036290371384,-0.02352819597435493,-0.02578624493968216,0.23142915832092886,0.2283467619420024,-0.01707427453890978,-0.006164645350471957,1296,60480
symhex_d0.75_c+0.0,hexagon,0.75,75m,W,0.10119599393202205,0.14336417026045295,0.19862139237674362,0.034099426807760125,6.746432111056239e-06,1.7042631558733124e-05,1.1026242707813341e-05,0.00012430141956342155,0.00012511227365362692,-0.0947674261278031,-0.1839284670448133,1296,60480
symhex_d0.75_c+0.0,hexagon,0.75,75m,sigma0,0.11140990442837778,0.1740356354929272,0.2857984235058369,0.04968033509700176,0.01517182203922157,23.427425964805327,23.442436729399535,0.14954677225256027,0.14684051499327694,0.06142010382361438,0.16317649220106764,1296,60480
symhex_d0.75_c+0.0,hexagon,0.75,depthavg,T,0.11158597439657221,0.16091517870098065,0.26293860418643156,0.04118716931216937,0.02334145381436322,25.560013976297622,25.53687046789547,0.4103654900500504,0.4040203630232721,-0.5567424081426829,-0.6718330889944049,1296,60480
symhex_d0.75_c+0.0,hexagon,0.75,depthavg,S,0.10943171517184942,0.1761984518547287,0.26103757023451357,0.02704475308641975,0.0033079940122790422,35.14331818535149,35.145932202626454,0.10888171967809387,0.10691011937585639,0.024910342078923578,0.07285880956737979,1296,60480
symhex_d0.75_c+0.0,hexagon,0.75,depthavg,U,0.10634058141731652,0.15333284479222772,0.24004704384067535,0.03596781305114638,0.011458858047210793,-0.01310875351762152,-0.0016544761691872608,0.2057582903793693,0.20510408246517206,0.10430452346061615,0.17644887303850493,1296,60480
symhex_d0.75_c+0.0,hexagon,0.75,depthavg,V,0.08474558502193946,0.1480190376710275,0.24402051190085822,0.015217151675484986,0.004252259373617107,-0.01988793182938996,-0.018884921492960827,0.26670360259054426,0.2695357421330298,-0.004863170175598837,0.009896777117767671,1296,60480
symhex_d0.75_c+0.0,hexagon,0.75,depthavg,W,0.09735585920038153,0.13695622793408285,0.18292536745211846,0.036496913580246926,5.4984308494248134e-06,1.1183265614974157e-05,6.074700663173225e-06,8.586875107169808e-05,9.142596442614073e-05,-0.33688475856012057,-0.7742861721406683,1296,60480
symhex_d0.75_c+0.0,hexagon,0.75,depthavg,sigma0,0.11706508797290748,0.18557657095839247,0.2941104553002813,0.04439484126984128,0.009233762693687768,23.278846580184357,23.28798808153649,0.13098621269273492,0.12512916450569198,-0.08953649058149941,0.1307868479448211,1296,60480
symhex_d1.0_c+0.0,hexagon,1.0,25m,T,0.12945700984695946,0.16135872739119625,0.23198830997234876,0.05956481481481479,0.03170649650690014,25.739541395177174,25.71173834929435,0.44256717939990375,0.421699201459077,-0.17057573176108837,-0.5189330482963267,1296,108000
symhex_d1.0_c+0.0,hexagon,1.0,25m,S,0.12639669528954747,0.17146829085580245,0.2546047099921377,0.02993518518518512,0.004215596346316839,35.1254525779108,35.12739303101018,0.12312413504443326,0.12244451960440816,-0.1316424065723101,-0.1203946285076585,1296,108000
symhex_d1.0_c+0.0,hexagon,1.0,25m,U,0.09713936686906355,0.16093309829252764,0.2766248682961734,0.029530864197530843,0.010776455792231661,-0.13019406036395725,-0.12018481880349247,0.23035451816696,0.22678743351788613,-0.11506744408897539,-0.012172435317611372,1296,108000
symhex_d1.0_c+0.0,hexagon,1.0,25m,V,0.1088571350887047,0.1602354678300139,0.2610130647215864,0.02843827160493828,0.01040104422963934,-0.01977283826719441,-0.017934813835598955,0.2774541716305179,0.28713428967271765,-0.019317809252168302,-0.005104795160157859,1296,108000
symhex_d1.0_c+0.0,hexagon,1.0,25m,W,0.09859930356249684,0.16063920056514602,0.24636092039941399,0.030401234567901225,4.053798383446675e-06,6.983281034062036e-06,4.633978390520377e-06,6.978115729036808e-05,7.577491788568286e-05,-1.1069116779384736,-1.4946988794586946,1296,108000
symhex_d1.0_c+0.0,hexagon,1.0,25m,sigma0,0.1597808817687429,0.18399978211642212,0.2941667928597347,0.06031481481481482,0.012411840505953195,23.209969790614164,23.2201269170365,0.16671658709156137,0.1585973621456984,-0.5589938637426911,-0.3177273028873277,1296,108000
symhex_d1.0_c+0.0,hexagon,1.0,50m,T,0.1242152765242882,0.17395186927889766,0.22493636175674303,0.05913888888888885,0.03618330271362001,25.638180466560843,25.602346618987895,0.4338596380756688,0.4132273176562194,-0.2994422292606318,-0.5663420527793629,1296,108000
symhex_d1.0_c+0.0,hexagon,1.0,50m,S,0.1085081628139294,0.1687103184725983,0.2550958894889059,0.025734567901234517,0.005253926502063761,35.136415892606934,35.139828100133826,0.11397830565793736,0.11012982721839956,-0.07485493437580236,0.024379690659465467,1296,108000
symhex_d1.0_c+0.0,hexagon,1.0,50m,U,0.08993704095372995,0.1563280469259344,0.2562999571057496,0.04408333333333336,0.019651149751127375,-0.04290268548013102,-0.023263567251751695,0.21251466920208464,0.2085348224999291,0.023733654463887692,0.12566633366315796,1296,108000
symhex_d1.0_c+0.0,hexagon,1.0,50m,V,0.11570670353707375,0.1357428031519565,0.22258030266544207,0.02121604938271604,0.00753223094533675,-0.021223134704845863,-0.020216254092353093,0.2699041581058178,0.2754027956792862,-0.021691555449485003,-0.003156145557033639,1296,108000
symhex_d1.0_c+0.0,hexagon,1.0,50m,W,0.11265306529613363,0.1520895378393011,0.22906116399630344,0.02414197530864204,4.964506919164179e-06,1.1556999837495938e-05,8.504121604425308e-06,0.00011734263638563809,0.00011859371071027548,-0.8267259775046222,-1.1865985038209774,1296,108000
symhex_d1.0_c+0.0,hexagon,1.0,50m,sigma0,0.1310878237294956,0.17943519792038254,0.2945723950298203,0.06074691358024692,0.014858991276582906,23.249719784296992,23.263447539194082,0.1465773203948623,0.13451140362835037,-0.4614134910593933,-0.13924753225038258,1296,108000
symhex_d1.0_c+0.0,hexagon,1.0,75m,T,0.11911961390394055,0.17915987642435413,0.3260873711322484,0.06636111111111109,0.06342353692137181,25.21172998408698,25.151182133056498,0.5657785196373242,0.5628928014997576,-0.5494795913712858,-0.4413365963909562,1296,108000
symhex_d1.0_c+0.0,hexagon,1.0,75m,S,0.1427179688881859,0.21059561919376782,0.34079749907132545,0.06574691358024692,0.01004812057139494,35.17625016124097,35.18343869781494,0.10294915223605193,0.08966940326080107,-0.253997133058633,0.0011627772911622508,1296,108000
symhex_d1.0_c+0.0,hexagon,1.0,75m,U,0.12893629894107622,0.1462748708980002,0.20829027013131318,0.07395987654320985,0.039826570766855196,0.19968609640166524,0.2395105927875665,0.20365236928965108,0.21419629990338443,0.2529179771760131,0.34337163009137134,1296,108000
symhex_d1.0_c+0.0,hexagon,1.0,75m,V,0.09395319006704089,0.15124166650787937,0.23721976221410737,0.01863271604938277,0.00616647726153214,-0.020417399978504468,-0.02436257471589712,0.23433207890971502,0.23016483051954792,-0.03395975600420639,-0.012225929129719168,1296,108000
symhex_d1.0_c+0.0,hexagon,1.0,75m,W,0.10828075936135671,0.14192923285761164,0.22666295230614095,0.02136419753086416,4.967889866240523e-06,1.4133143163401457e-05,1.2764725336186284e-05,0.0001316108788745403,0.00012814230221648148,-0.3733247662263385,-0.3444005072933013,1296,108000
symhex_d1.0_c+0.0,hexagon,1.0,75m,sigma0,0.12122473696586476,0.17905998586543317,0.2884778681432572,0.07307098765432096,0.02406389869802144,23.410630986829577,23.43460887619515,0.15175228796110324,0.14863381341834112,0.0050659793817476925,0.10653835736910651,1296,108000
symhex_d1.0_c+0.0,hexagon,1.0,depthavg,T,0.1366293869897329,0.17894733743480154,0.2975849237864106,0.06069135802469139,0.03822193230628109,25.587584241141222,25.549525258073125,0.42090465554831125,0.4080134713972484,-0.45016545496556803,-0.6063158965496722,1296,108000
symhex_d1.0_c+0.0,hexagon,1.0,depthavg,S,0.11444525445945146,0.17173787038652577,0.2979756726890848,0.036759259259259255,0.005415665683963732,35.14081605197109,35.14451224890866,0.1124456138516501,0.1081163463619677,-0.043651916117113734,0.043150735221667846,1296,108000
symhex_d1.0_c+0.0,hexagon,1.0,depthavg,U,0.10865101264213824,0.16055427413564888,0.28046608117429406,0.048632716049382685,0.020154757724383257,-0.028363091698911082,-0.008208333974527823,0.2065287162574432,0.2055228193212839,0.008704949417182046,0.12994514217365238,1296,108000
symhex_d1.0_c+0.0,hexagon,1.0,depthavg,V,0.10756405310442037,0.14234755284390965,0.24603580781366743,0.018580246913580234,0.00715223134599559,-0.019479113422112775,-0.019334546190021864,0.2627062952184389,0.26801125477880744,-0.019955439903911885,0.002152972251899759,1296,108000
symhex_d1.0_c+0.0,hexagon,1.0,depthavg,W,0.09002461759428249,0.14397110263556576,0.23613415510233102,0.019959876543209853,3.723481694156091e-06,9.889005852156865e-06,7.624415024403041e-06,9.426202386720904e-05,9.437622786798025e-05,-0.733733708723136,-1.027398103077721,1296,108000
symhex_d1.0_c+0.0,hexagon,1.0,depthavg,sigma0,0.11980445091144293,0.18273987063312022,0.30315860712392756,0.05810802469135806,0.014621482731743154,23.268405277799687,23.28299434491583,0.13798008450726565,0.12855185432229693,-0.2760006419943019,-0.006535841556153327,1296,108000
symsq_d0.3_c+0.0,square,0.3,25m,T,0.11679581522783725,0.18891354718967643,0.2580974373305996,0.0161313657407407,0.008949374048622637,25.696412163130358,25.690429174749095,0.4083221315389091,0.4048009835037193,-0.7874884540282188,-0.9451312667541403,864,13824
symsq_d0.3_c+0.0,square,0.3,25m,S,0.11123436699948887,0.17473397110262517,0.24433607204867577,0.01859085648148151,0.0016891037865694302,35.12915641704868,35.12967185469949,0.12303457608546058,0.12336225167851289,-0.12686958808541052,-0.13487300113272432,864,13824
symsq_d0.3_c+0.0,square,0.3,25m,U,0.11300650078534265,0.18189722187481788,0.23882949233851203,0.01352719907407407,0.0039304523212307756,-0.11423078698443645,-0.11218318537040133,0.22654232031301427,0.22641682894051465,0.04387469614952613,0.05342121567772941,864,13824
symsq_d0.3_c+0.0,square,0.3,25m,V,0.1108684671606401,0.1840254933349509,0.23936714889474414,0.01403356481481477,0.004047135097013232,-0.01569375540951171,-0.015920430559027993,0.2921508727386328,0.2931501012277469,0.012142847214637634,0.012682335797193836,864,13824
symsq_d0.3_c+0.0,square,0.3,25m,W,0.12206404805060868,0.19447550385003246,0.25068758111981126,0.03443287037037035,4.194015081641433e-06,-3.223906307358803e-06,2.3537050672817527e-08,6.82346341549898e-05,6.80804956508461e-05,-1.6385684992980751,-1.0349831977776822,864,13824
symsq_d0.3_c+0.0,square,0.3,25m,sigma0,0.1210903612129608,0.20317809322881314,0.2891758054012414,0.02445023148148151,0.00412319102242465,23.22625076650023,23.228504804901462,0.15320173570319673,0.15173002609003783,-0.1220183339347623,0.0014509326632080966,864,13824
symsq_d0.3_c+0.0,square,0.3,50m,T,0.12610065707703802,0.2032082061927029,0.2591161730209038,0.02430555555555558,0.008985338652041184,25.583446914004323,25.579838750470017,0.40392682493248105,0.40122408990018654,-0.7181852038407799,-0.7905065244357992,864,13824
symsq_d0.3_c+0.0,square,0.3,50m,S,0.09976894816120627,0.16616759748073734,0.22637325952462145,0.01916956018518523,0.0015680697379559726,35.142683957505604,35.14282713747687,0.10822672308095994,0.10837448492227326,0.08402013813185326,0.09253205831836442,864,13824
symsq_d0.3_c+0.0,square,0.3,50m,U,0.10591232475458456,0.17740737733103443,0.24815980705238094,0.020037615740740727,0.004534585208712891,-0.01293452310833071,-0.011853983509830603,0.20701020353660338,0.20315601178049505,0.2226080825400173,0.17551767764133122,864,13824
symsq_d0.3_c+0.0,square,0.3,50m,V,0.11196090527559284,0.18348381717798493,0.24624971867582363,0.013888888888888895,0.004435788223438325,-0.017946738271705228,-0.01835378684744908,0.27754694988746303,0.2793125495830863,0.004835120408997954,0.010517863686989318,864,13824
symsq_d0.3_c+0.0,square,0.3,50m,W,0.11485639204311346,0.19290079475550992,0.24570884976013893,0.03573495370370372,5.325589665338683e-06,-2.8301006746196774e-06,1.5145276277124286e-06,0.00010773635668911425,0.00010802096099215955,-1.1657517391567238,-0.7597943634153163,864,13824
symsq_d0.3_c+0.0,square,0.3,50m,sigma0,0.11890026064912974,0.20303317671780838,0.2731388561175208,0.022424768518518545,0.0033785648556706933,23.27147446602944,23.272705602717686,0.1277254193832154,0.12606256881660302,0.10423238345151303,0.21442211847279133,864,13824
symsq_d0.3_c+0.0,square,0.3,75m,T,0.1024962175374785,0.17635996638960016,0.22127295348475776,0.02546296296296302,0.015980359503620485,25.1189749091069,25.10454465917967,0.5586577223053394,0.5574415897457218,-0.39758868402879927,-0.3748711222916923,864,13824
symsq_d0.3_c+0.0,square,0.3,75m,S,0.13101137810970304,0.21820951923737492,0.30014186689499195,0.02394386574074074,0.0028815507640398688,35.18721912698945,35.187129090505614,0.08121353537112848,0.07895338201647462,0.21072554980482125,0.29686178544873076,864,13824
symsq_d0.3_c+0.0,square,0.3,75m,U,0.12864011457376687,0.18476082821861933,0.2567362530901619,0.03052662037037035,0.007155517883085526,0.25885139629544557,0.2643110413967438,0.22016134760875736,0.21850932456996175,0.40350384913364934,0.40182640694842703,864,13824
symsq_d0.3_c+0.0,square,0.3,75m,V,0.10844262347753303,0.20109864196064062,0.24982904424348262,0.01287615740740733,0.0030987958998312084,-0.027192574386777153,-0.026612808608932243,0.2266351604889745,0.22604041723675627,0.0026078091523977945,0.004172087693010846,864,13824
symsq_d0.3_c+0.0,square,0.3,75m,W,0.13714245396707234,0.19836351975301889,0.25472888132898897,0.01815682870370372,2.756069094757773e-06,6.165284416525143e-06,5.240026856955013e-06,0.0001206885006941148,0.00012199684769055,0.013396539820001973,-0.15143787874073483,864,13824
symsq_d0.3_c+0.0,square,0.3,75m,sigma0,0.11501844057484768,0.19459113539111045,0.2670067679136168,0.027054398148148147,0.006416014933628004,23.44733148347129,23.45167738753384,0.14616916692569767,0.14412445101084792,0.23318660542810268,0.27736493005525625,864,13824
symsq_d0.3_c+0.0,square,0.3,depthavg,T,0.11289613632901238,0.1939547796321563,0.26950315649220447,0.02886284722222221,0.00854271871067145,25.529222999615893,25.522566206949644,0.40211151917661947,0.40111927776686995,-0.6992809475787994,-0.7580435889434339,864,13824
symsq_d0.3_c+0.0,square,0.3,depthavg,S,0.1307967267935298,0.15763831816487045,0.21765789426574447,0.02170138888888895,0.0015342562434445023,35.14713861143215,35.1473534294664,0.10611567246248677,0.10603216979309105,0.08214367372771349,0.08948312021808119,864,13824
symsq_d0.3_c+0.0,square,0.3,depthavg,U,0.105007351037242,0.19144148153826265,0.2707117361840485,0.021484375,0.004361438679869172,0.002326835195153219,0.004716781174839876,0.2057018927752522,0.20364697802964662,0.22045435956312254,0.212265894944175,864,13824
symsq_d0.3_c+0.0,square,0.3,depthavg,V,0.10715571434602739,0.19259160850362103,0.25284670302103357,0.01186342592592593,0.0037148992143043558,-0.0182419396239734,-0.01838631533827497,0.27013556140045614,0.27123676647910355,0.0167513219485217,0.022825372142610875,864,13824
symsq_d0.3_c+0.0,square,0.3,depthavg,W,0.110819664648155,0.18505364193930907,0.23702742060417298,0.02618634259259256,3.2290345852615345e-06,-7.149398860363113e-07,1.8089893143941979e-06,8.61821494177526e-05,8.669566476783141e-05,-0.8531476647659945,-0.6106017920118707,864,13824
symsq_d0.3_c+0.0,square,0.3,depthavg,sigma0,0.13129962376892532,0.20554533757212265,0.2654240320010499,0.01974826388888895,0.003185039001029862,23.291266105051445,23.293486259608287,0.12298127538427428,0.12150140461201456,0.20613579730770748,0.3175259872347783,864,13824
symsq_d0.5_c+0.0,square,0.5,25m,T,0.12075232499344345,0.20370600284846227,0.27845242918146146,0.025205761316872466,0.01918803086122601,25.710469899257937,25.695255085551775,0.42031320976453185,0.40819973314651137,-0.5105169157654847,-0.8250898812379782,864,31104
symsq_d0.5_c+0.0,square,0.5,25m,S,0.13716358594168934,0.1728149327916571,0.2614616587856448,0.030285493827160392,0.0032050602805825832,35.12745666605869,35.129185446618514,0.12221301277610364,0.12309103809890043,-0.11278934776584656,-0.12696149952556576,864,31104
symsq_d0.5_c+0.0,square,0.5,25m,U,0.11767952924034522,0.19657140771862358,0.2696668573595731,0.021476337448559674,0.0060542872253127105,-0.11928317518254393,-0.11389020214140341,0.22679229149363883,0.22646543583183512,-0.012596819865890937,0.04473166199198693,864,31104
symsq_d0.5_c+0.0,square,0.5,25m,V,0.11966524043773859,0.1798229733261187,0.24830711632431568,0.02424125514403297,0.0061935228316715865,-0.017457391140828424,-0.016078080233465627,0.2878862769233998,0.29211531742379204,-0.004727370879181335,0.009141556856097816,864,31104
symsq_d0.5_c+0.0,square,0.5,25m,W,0.11462933467026733,0.17385645567416527,0.23488486488520044,0.05195473251028804,7.307581289173561e-06,8.042302385927492e-06,1.043906330065658e-06,6.585026190875846e-05,7.163040450939202e-05,-1.1940818063751915,-1.3441661932253928,864,31104
symsq_d0.5_c+0.0,square,0.5,25m,sigma0,0.13262541355379345,0.19944739779802034,0.28577994383886324,0.04851466049382713,0.008042643775096496,23.220572749649218,23.22663166637877,0.1580072025568988,0.15310894793456994,-0.33008939384416086,-0.09136392995022403,864,31104
symsq_d0.5_c+0.0,square,0.5,50m,T,0.09313239716921402,0.1899092265683923,0.2705373664950148,0.026748971193415627,0.018300649330366507,25.598410622634372,25.583566923414974,0.4102767315876319,0.40338586882410543,-0.6064317868430209,-0.7434347357029857,864,31104
symsq_d0.5_c+0.0,square,0.5,50m,S,0.15430900233660472,0.1861690882225155,0.2532369453247989,0.033243312757201604,0.0030460429563532736,35.14036947557284,35.142467497675504,0.10924475482975883,0.10847053379569399,0.057836032199142164,0.08400097840528264,864,31104
symsq_d0.5_c+0.0,square,0.5,50m,U,0.11576306872567807,0.16873843508885672,0.2526207176122959,0.03202160493827161,0.008535098834021536,-0.02036371216865672,-0.013280833885356716,0.20952286312776516,0.20540355563784762,0.20004524842745405,0.19627922763698258,864,31104
symsq_d0.5_c+0.0,square,0.5,50m,V,0.09288801266976496,0.19721637440955228,0.2591064780299558,0.01974022633744854,0.004886154511989897,-0.019955307186591085,-0.018479044318800392,0.2752214329396333,0.27818119402150754,-0.004468884055662192,0.006165910520284262,864,31104
symsq_d0.5_c+0.0,square,0.5,50m,W,0.11981070445571793,0.17197283888501166,0.25268681956885153,0.043370627572016485,1.050891340082146e-05,1.3141502592324912e-05,3.0506216135173555e-06,0.00010815808023855357,0.00011224621480951568,-0.9324318036617121,-0.9883559206607184,864,31104
symsq_d0.5_c+0.0,square,0.5,50m,sigma0,0.14392708264014822,0.19243175291413275,0.28457482678890295,0.039094650205761305,0.007724535393756591,23.265082664040296,23.27127559948124,0.13280383642510402,0.12767983128855276,-0.06033501678747741,0.14098673012524807,864,31104
symsq_d0.5_c+0.0,square,0.5,75m,T,0.13962106335516486,0.18294838488201676,0.25878319277582745,0.046328446502057585,0.03736949174080537,25.151443123774612,25.115888598217886,0.5615045268201272,0.5582881957647468,-0.4279940341779552,-0.38666033490258345,864,31104
symsq_d0.5_c+0.0,square,0.5,75m,S,0.1620749356968736,0.23161120391129242,0.31588957153974806,0.04382073045267489,0.006361971267455025,35.18478223699363,35.18675051537561,0.087983736666911,0.0811219237874487,0.08938957840657212,0.22268381722266506,864,31104
symsq_d0.5_c+0.0,square,0.5,75m,U,0.1312485906041171,0.19427759301502942,0.2815362294812793,0.04089506172839508,0.017062749476922757,0.24239047940400496,0.2594278693695311,0.2128313528558069,0.2185059470565057,0.3178685858748899,0.3870179957609836,864,31104
symsq_d0.5_c+0.0,square,0.5,75m,V,0.11798390109118806,0.1845307299086087,0.2510579400419135,0.019290123456790112,0.004898878027926184,-0.024707990549515092,-0.026643749526035664,0.2296064655794331,0.2268884179573984,-0.0010734886185471124,0.0002830850728229034,864,31104
symsq_d0.5_c+0.0,square,0.5,75m,W,0.11764000472569183,0.16826462684122873,0.2518681378102577,0.033564814814814825,8.964222790931295e-06,1.6316186169104903e-05,7.911382036357216e-06,0.00012430581486842486,0.00012349159144570127,-0.17743902195164413,-0.14124036087983413,864,31104
symsq_d0.5_c+0.0,square,0.5,75m,sigma0,0.13476420187894608,0.1948465323420781,0.2694888147147533,0.043434927983539096,0.01286295640947017,23.435550131325826,23.447921855255103,0.14776353843151283,0.14543685250713018,0.11390233371002376,0.22758227354798488,864,31104
symsq_d0.5_c+0.0,square,0.5,depthavg,T,0.11536300370753351,0.18191964599066415,0.2712351586843848,0.0366512345679012,0.020478127807242005,25.547761628354074,25.528271844259425,0.4064477645540759,0.40206678681294655,-0.6162857077781039,-0.718628960772857,864,31104
symsq_d0.5_c+0.0,square,0.5,depthavg,S,0.1460915596462538,0.18371015632143683,0.2723383054436346,0.029674639917695464,0.002738747054270003,35.14505078831797,35.14695385250143,0.10735824403919492,0.10625848148930929,0.06823637321033564,0.0842672576796769,864,31104
symsq_d0.5_c+0.0,square,0.5,depthavg,U,0.13272132636206707,0.196904965459706,0.27017202160323117,0.03427211934156377,0.009183006661370454,-0.006157385089175462,0.0024264952142668645,0.205700958428303,0.20469575754183908,0.1577980992496165,0.20681437781376405,864,31104
symsq_d0.5_c+0.0,square,0.5,depthavg,V,0.13073824110403806,0.1885953280563098,0.26024523082466455,0.01816486625514402,0.004748875332359978,-0.019049588051043623,-0.01848720062889868,0.2679465485206342,0.270482137347773,0.002765972100507956,0.01701164131880903,864,31104
symsq_d0.5_c+0.0,square,0.5,depthavg,W,0.12488358809951546,0.18595111704679973,0.24907942672830738,0.036201131687242816,8.37912297540095e-06,1.1280759945893056e-05,3.323610608395468e-06,8.735835535430482e-05,8.94202916010062e-05,-0.7635567631085429,-0.7612323137549852,864,31104
symsq_d0.5_c+0.0,square,0.5,depthavg,sigma0,0.14771890664423776,0.1934400134543317,0.26056798270832277,0.03899819958847739,0.007851221426389266,23.283953521961436,23.29142051349663,0.12751347458707032,0.12287560002830861,0.02986129167001548,0.23524845989316584,864,31104
symsq_d0.75_c+0.0,square,0.75,25m,T,0.13595774237661928,0.17913060471738654,0.27052985739856406,0.049968564243255575,0.03147181163513,25.733521609305697,25.704455071761284,0.4376257768163424,0.41596889623618627,-0.23216468431316062,-0.6378199364417645,864,69984
symsq_d0.75_c+0.0,square,0.75,25m,S,0.16985651054897022,0.16756636714328926,0.2385305581152069,0.03325045724737086,0.005576334838982698,35.12543877289158,35.128105824998364,0.12294559143518782,0.12264379467321293,-0.10758126252285606,-0.11867544329037286,864,69984
symsq_d0.75_c+0.0,square,0.75,25m,U,0.1222586343990042,0.16888310903145554,0.2738077298891151,0.029178097850937362,0.010534535246316418,-0.1270066488643962,-0.11727471362108527,0.2273853465453654,0.22640215881163792,-0.08902141114447966,0.012325390387134667,864,69984
symsq_d0.75_c+0.0,square,0.75,25m,V,0.11814126495160189,0.17765851549300615,0.2663404710586968,0.028106424325560125,0.010316886974054232,-0.01971122450800515,-0.01713119230028605,0.2799227723043638,0.2894016296684889,-0.03185589093653257,-0.00048189372342239995,864,69984
symsq_d0.75_c+0.0,square,0.75,25m,W,0.12736012596229954,0.1665463251262747,0.22029960099481113,0.0367512574302698,4.9910945262754765e-06,5.738495021100477e-06,3.972875204270878e-06,6.841642989059391e-05,7.41447652289497e-05,-1.7189118303676894,-1.4966621980145358,864,69984
symsq_d0.75_c+0.0,square,0.75,25m,sigma0,0.17220528693980985,0.20816959180106845,0.32665999422523617,0.06838705989940563,0.013343327935006803,23.211844038399867,23.22294107052958,0.1650985272401805,0.15626689988538742,-0.5186904286754732,-0.23058190941892687,864,69984
symsq_d0.75_c+0.0,square,0.75,50m,T,0.13506476993974326,0.17521144993139642,0.27012445249332434,0.057641746684956474,0.03780694391694926,25.630681227902187,25.59362073994195,0.4312629104141995,0.40789850396483085,-0.34074632130428684,-0.6519992606781749,864,69984
symsq_d0.75_c+0.0,square,0.75,50m,S,0.17826494793326347,0.1830428262190778,0.2803952838028941,0.043567101051668944,0.006330151794805908,35.13723030646083,35.140981065910815,0.11300587263138578,0.10927851979349913,-0.024982607339849437,0.05847925805132774,864,69984
symsq_d0.75_c+0.0,square,0.75,50m,U,0.13306124402119715,0.17347044451058138,0.24355350871082443,0.046953589391861006,0.01847308592062565,-0.0367516099172875,-0.018317611072019596,0.21077339549557225,0.2072360787850644,0.0657307686831341,0.16485282660497166,864,69984
symsq_d0.75_c+0.0,square,0.75,50m,V,0.11139072334814741,0.154206127957676,0.23349015129064576,0.021233424782807486,0.007264210863545825,-0.021923638198798986,-0.019477973987537832,0.27181737600381856,0.2766235858824142,-0.02052419861195163,0.0004021435815200458,864,69984
symsq_d0.75_c+0.0,square,0.75,50m,W,0.12387143855890718,0.15381008316386494,0.21442466422241693,0.035450960219478744,5.092952921446299e-06,9.582602458089627e-06,7.63998052112597e-06,0.0001138638613981823,0.00011611835599876755,-1.2183690319373721,-1.1666909129460825,864,69984
symsq_d0.75_c+0.0,square,0.75,50m,sigma0,0.1436612969393755,0.1878389897466592,0.27929912281604147,0.06335733882030176,0.0160571077004104,23.252663786384968,23.26703226985349,0.1443358614691681,0.13117879045877404,-0.42610963868633867,-0.007907886152091101,864,69984
symsq_d0.75_c+0.0,square,0.75,75m,T,0.16709149319723424,0.17454338681780435,0.2414792094867584,0.0759459304983996,0.07519282766851189,25.203552612958532,25.13647221287037,0.5675714844626736,0.5607148860891276,-0.620086782172954,-0.41328995411454417,864,69984
symsq_d0.75_c+0.0,square,0.75,75m,S,0.18026359631148411,0.23941841784126147,0.35367960264677717,0.06525777320530407,0.01132838484008838,35.17902339151302,35.18508115864585,0.10104242506208669,0.08598314139626968,-0.12217726480596751,0.10103455121746638,864,69984
symsq_d0.75_c+0.0,square,0.75,75m,U,0.17256855883940278,0.18144204861905075,0.2795035150126861,0.07131630086877006,0.038886176926692696,0.20986408749292917,0.24875026441962186,0.20133399909697852,0.21589881766547736,0.16752912519296054,0.35594128454849805,864,69984
symsq_d0.75_c+0.0,square,0.75,75m,V,0.11009829021197833,0.16370031457492895,0.2524218148101101,0.021333447645175974,0.006575228283688138,-0.02108825753641373,-0.02537096622459581,0.23466380618115332,0.22883468277091773,-0.009297892861360966,-0.0050523866031135295,864,69984
symsq_d0.75_c+0.0,square,0.75,75m,W,0.11042179318257106,0.15042069877328568,0.2325947755620765,0.03120713305898487,6.216325287782983e-06,1.388451426730657e-05,1.1928404113377173e-05,0.0001284574257969395,0.00012597591357245332,-0.49883609119433064,-0.29051933125800705,864,69984
symsq_d0.75_c+0.0,square,0.75,75m,sigma0,0.14360776388772678,0.18715222394044578,0.27981687858670146,0.07746056241426613,0.025398186970881753,23.415220404402643,23.44035790182984,0.1495287620575127,0.14716928765699677,0.12018346135975658,0.15399417803274973,864,69984
symsq_d0.75_c+0.0,square,0.75,depthavg,T,0.156649535283907,0.18852099463830924,0.2906781452804943,0.06967306812985818,0.040180799663644476,25.58035529848974,25.540185672593964,0.41589367141183303,0.4049745646277806,-0.48020365896259226,-0.6555147532167729,864,69984
symsq_d0.75_c+0.0,square,0.75,depthavg,S,0.16573413153410096,0.18320603306553518,0.26747272827297114,0.041438042981252865,0.006047703850660265,35.141844275450744,35.14560666067319,0.11147228053087305,0.1071863964485716,0.0135368957014967,0.06921088944119053,864,69984
symsq_d0.75_c+0.0,square,0.75,depthavg,U,0.15299922564739588,0.16584767130335049,0.25915748199540306,0.05571273433927759,0.01945481211822798,-0.022580174655353287,-0.0031721342321581686,0.2046653412830818,0.2051428840361846,0.020516663446054382,0.16539602044109505,864,69984
symsq_d0.75_c+0.0,square,0.75,depthavg,V,0.1020562620429695,0.15620082639380028,0.25974371306997734,0.019304412437128493,0.006575780923492481,-0.01982342270263471,-0.018977898596487273,0.2644186906343636,0.2691259308685547,-0.020023459954098512,0.008267115448901081,864,69984
symsq_d0.75_c+0.0,square,0.75,depthavg,W,0.12711148623063234,0.16078238398179048,0.23600538656306216,0.03162151348879744,4.125648459848846e-06,8.609156157295743e-06,6.902175995986338e-06,9.121272860241232e-05,9.238828930574493e-05,-1.0571448495988418,-0.9876188610498229,864,69984
symsq_d0.75_c+0.0,square,0.75,depthavg,sigma0,0.15170349528121388,0.19918206395693816,0.2883114519591118,0.07211648376771834,0.015288447783034988,23.27142761226875,23.286715710228012,0.13505456482287762,0.1259696400353719,-0.21180622216860281,0.0965421401965654,864,69984
symsq_d1.0_c+0.0,square,1.0,25m,T,0.1627706430696729,0.17564211367384788,0.24498444833443173,0.07629243827160492,0.05105823344981215,25.762222112192166,25.715638443743764,0.4607943315760241,0.4249509631852407,-0.013802129388058686,-0.46223730035498944,864,124416
symsq_d1.0_c+0.0,square,1.0,25m,S,0.18484889917509625,0.18001963723061096,0.2731395178456143,0.043949331275720094,0.008158306390908478,35.12424489433026,35.12711077987881,0.1265263658214845,0.12267023330238025,-0.10770525732874014,-0.11881728031725783,864,124416
symsq_d1.0_c+0.0,square,1.0,25m,U,0.1139040212774538,0.1555971597877866,0.22949484129755496,0.04168274176954723,0.01442292911422125,-0.13547383462318652,-0.12138367777819128,0.2328106538404252,0.2271226758216975,-0.15347819829972278,-0.027785481469126665,864,124416
symsq_d1.0_c+0.0,square,1.0,25m,V,0.11826212037679128,0.16055585872796377,0.23663884794043683,0.03987429269547327,0.018538896354732232,-0.020412094602380602,-0.018219499793651922,0.2695731171855282,0.28584598383480847,-0.0590545596653512,-0.009156827111987457,864,124416
symsq_d1.0_c+0.0,square,1.0,25m,W,0.12180465295863203,0.1508849186203249,0.23225978122471208,0.016509130658436233,3.1444029085199676e-06,6.543060254048835e-06,4.743295191011046e-06,7.244224602749293e-05,7.638919696248485e-05,-1.262941819885277,-1.596472084919649,864,124416
symsq_d1.0_c+0.0,square,1.0,25m,sigma0,0.1752389013592946,0.20426967177755073,0.3522037922845243,0.0688094778806585,0.018304261087749428,23.20195555841317,23.21869404924197,0.17398922638259062,0.1598940692439754,-0.6438587107843676,-0.3570911397688301,864,124416
symsq_d1.0_c+0.0,square,1.0,50m,T,0.15679535303364314,0.17739394232894914,0.2869960981720637,0.080102237654321,0.06663041917120159,25.674224076612425,25.60759365744122,0.46100608185318664,0.41739904498055685,0.039280090639940826,-0.5050548864979568,864,124416
symsq_d1.0_c+0.0,square,1.0,50m,S,0.19776536154199653,0.17550643306454905,0.2582947457799152,0.04910943930041156,0.010314207574620468,35.13450678508606,35.13939514915639,0.1188382784543538,0.11078384559499452,-0.061869681701596194,0.013388351666754951,864,124416
symsq_d1.0_c+0.0,square,1.0,50m,U,0.14121904330228902,0.15722567543638344,0.25964263879695304,0.06646251286008228,0.03009532254702963,-0.05580770543603868,-0.02571238288900905,0.2154726365900582,0.209141763889047,-0.05360007788503138,0.10921887556581603,864,124416
symsq_d1.0_c+0.0,square,1.0,50m,V,0.10877084335828531,0.14281511123159357,0.21157091414722182,0.03308256172839505,0.011656172836104413,-0.02087406114912635,-0.02043739521831419,0.26670289595787416,0.2747976901074905,-0.050007466284351036,-0.005858114639802499,864,124416
symsq_d1.0_c+0.0,square,1.0,50m,W,0.12438167237656197,0.1553706273145517,0.22690483261017286,0.018245241769547338,3.759217588806178e-06,1.0743456013417243e-05,8.630487278678106e-06,0.00011727784190521278,0.00011974963563206361,-0.869512504593229,-1.2731397013798922,864,124416
symsq_d1.0_c+0.0,square,1.0,50m,sigma0,0.17891543869604828,0.19600059538497158,0.2845624520734312,0.09923161008230452,0.025574843521038785,23.23702506195129,23.261484871301764,0.15931862928706744,0.1366520625848172,-0.7703800526499937,-0.22004016645859995,864,124416
symsq_d1.0_c+0.0,square,1.0,75m,T,0.17500241475455358,0.1824872499558503,0.2594304304982906,0.10531603652263372,0.11259447627874565,25.266759146694145,25.160175251019467,0.5766027580655393,0.5645945350731055,-0.6294455280013401,-0.4649466633136237,864,124416
symsq_d1.0_c+0.0,square,1.0,75m,S,0.17495503827978862,0.2254869254788779,0.36937368933191755,0.09011702674897121,0.01589787284834249,35.17279141036528,35.1826844443203,0.11310544564567866,0.09173235871959502,-0.3135538826281935,-0.03974278033562635,864,124416
symsq_d1.0_c+0.0,square,1.0,75m,U,0.19887606839433034,0.17472354917746108,0.2636505002974047,0.12117412551440326,0.06947131036296718,0.16455286949805845,0.23402340681075845,0.1918472683238126,0.21253516507604422,0.11574410994324329,0.33380733145546393,864,124416
symsq_d1.0_c+0.0,square,1.0,75m,V,0.13739286759371636,0.14564081927550565,0.1879282081498884,0.02668467078189307,0.009224989409994508,-0.017923597077593077,-0.02377900033603143,0.23860721373725066,0.23088825848021785,-0.032792104092758,-0.013482051751619968,864,124416
symsq_d1.0_c+0.0,square,1.0,75m,W,0.11209992120300875,0.15151952977079974,0.23214663215519868,0.02056809413580246,3.548374191257954e-06,1.234942550038929e-05,1.2642001882250908e-05,0.00013053027221998867,0.00012932549524068365,-0.1931311978695396,-0.39915343650681223,864,124416
symsq_d1.0_c+0.0,square,1.0,75m,sigma0,0.18231817082333984,0.1813537565729131,0.26749290151396904,0.11216403034979427,0.04018512228008208,23.39109489656669,23.431280018846774,0.15075889192255024,0.149114782713968,-0.058876077596890355,0.09769500003323342,864,124416
symsq_d1.0_c+0.0,square,1.0,depthavg,T,0.1695670634822164,0.17843523681194437,0.24395674801261655,0.08600180041152261,0.06683561885209383,25.62185803818127,25.555022419329177,0.4326911278842425,0.41008173289427124,-0.2722579033245141,-0.5749715397694009,864,124416
symsq_d1.0_c+0.0,square,1.0,depthavg,S,0.21025767088936798,0.18444550272184132,0.28486656649895864,0.050925925925925916,0.010091415781270907,35.138977867975484,35.14408032143541,0.11757037441248573,0.10880968279837562,-0.042370356767765224,0.035899764002736805,864,124416
symsq_d1.0_c+0.0,square,1.0,depthavg,U,0.19005259746828107,0.1638228749949669,0.22898180587421416,0.07319798096707819,0.032255933295452,-0.04307994152703686,-0.0108240082315849,0.20657911495183523,0.20555887123277833,-0.07820843130713316,0.11046253171469839,864,124416
symsq_d1.0_c+0.0,square,1.0,depthavg,V,0.1089758679271334,0.15441606219895362,0.23291920284304224,0.032343106995884774,0.011080024130614445,-0.01895847285933129,-0.019373947834673663,0.25952426388298006,0.26738199395476187,-0.04813374086215657,-0.0017254809548999253,864,124416
symsq_d1.0_c+0.0,square,1.0,depthavg,W,0.12083820205229956,0.15007020335635196,0.2244782251892996,0.01554462448559668,2.5773999583703454e-06,8.999908259757375e-06,7.665918939855449e-06,9.489292673681054e-05,9.532269303020093e-05,-0.7583115679376892,-1.1242933560310655,864,124416
symsq_d1.0_c+0.0,square,1.0,depthavg,sigma0,0.150998875124548,0.19727280224058039,0.29143399758708516,0.09807420267489714,0.024591538851833017,23.25637155700285,23.28096309585468,0.14435976364948047,0.12992541258374987,-0.4283255243423977,-0.05719053339188806,864,124416
symdia_d0.3_c+0.0,diamond,0.3,25m,T,0.10334283795003842,0.22977857793289574,0.2660162343662807,0.014467592592592593,0.0076915221306538715,25.691884643316094,25.68764164602315,0.40492739003868167,0.4032489252173175,-0.9170085169552661,-1.020701285481682,864,5184
symdia_d0.3_c+0.0,diamond,0.3,25m,S,0.10066009225613379,0.17492615899959044,0.2354715681075654,0.012345679012345678,0.0012045712006863384,35.12956206133484,35.129806180448746,0.1232117306117771,0.123489555394217,-0.13043105102673852,-0.13804796780683065,864,5184
symdia_d0.3_c+0.0,diamond,0.3,25m,U,0.11165352038602243,0.16941655746067227,0.24138566332818734,0.013888888888888888,0.003594972453626864,-0.11269771356219642,-0.1112840440651198,0.22636632066737453,0.22633452877242172,0.05285974284972327,0.05473004630987444,864,5184
symdia_d0.3_c+0.0,diamond,0.3,25m,V,0.11924549279632997,0.2109085476968903,0.22966870092057606,0.015625,0.004252904114896615,-0.016028651942604957,-0.015984469798627988,0.2930059279131342,0.29351710793192004,0.011390967921203109,0.01402448151159858,864,5184
symdia_d0.3_c+0.0,diamond,0.3,25m,W,0.1190424944934151,0.20279274681394052,0.2272907843847413,0.028935185185185185,3.528186508721822e-06,8.455032441003596e-07,1.5820280169188493e-06,6.242714328289207e-05,6.680650293932541e-05,-0.8302349896600978,-0.6355574188413029,864,5184
symdia_d0.3_c+0.0,diamond,0.3,25m,sigma0,0.12340397620136719,0.21014678984067364,0.26852861141963913,0.022376543209876542,0.003407775395094366,23.22797043411291,23.22947476127658,0.1517618213917141,0.15109323817210293,-0.021397405641277695,0.06157295360208814,864,5184
symdia_d0.3_c+0.0,diamond,0.3,50m,T,0.10760268999977679,0.21568679933434912,0.26468858539558837,0.02025462962962963,0.006628745014539974,25.58096405398772,25.578213380810656,0.4013919971934644,0.40018185391316125,-0.7819676921687694,-0.8247657369417277,864,5184
symdia_d0.3_c+0.0,diamond,0.3,50m,S,0.08070208122466005,0.18603556610914437,0.21502809819340574,0.01273148148148148,0.0010332362346045676,35.14280137807559,35.14277552380974,0.10822902570211516,0.10849502200268003,0.09487734208084972,0.09533763856242904,864,5184
symdia_d0.3_c+0.0,diamond,0.3,50m,U,0.11466981610154753,0.20981895170550352,0.23795638048111772,0.015817901234567902,0.003460867611599723,-0.012088939609665901,-0.011392434171956616,0.20364825259396616,0.2013330554922805,0.1855198972646001,0.15266749221435297,864,5184
symdia_d0.3_c+0.0,diamond,0.3,50m,V,0.13575616885684122,0.2102774067493697,0.26434136892073623,0.01716820987654321,0.004071252111195283,-0.018487705383349786,-0.018527675025967427,0.2790504677551316,0.28013023826283273,0.009190258801682238,0.014545789243455369,864,5184
symdia_d0.3_c+0.0,diamond,0.3,50m,W,0.13679123525952686,0.19690494024759006,0.22860157718781055,0.023919753086419752,4.872636067216851e-06,1.7934022887665389e-06,4.133731803456439e-06,0.00010393040611993749,0.00010701702645503985,-0.8986885230729565,-0.5986482244708564,864,5184
symdia_d0.3_c+0.0,diamond,0.3,50m,sigma0,0.10557132190781797,0.19394719613345626,0.24805335424200184,0.015432098765432098,0.0023236759138542395,23.272337867712903,23.273171988557987,0.12626207406064774,0.1254372189338256,0.20621991925427763,0.26521550481321327,864,5184
symdia_d0.3_c+0.0,diamond,0.3,75m,T,0.13836831928795326,0.19787492851097482,0.24430039738701917,0.02044753086419753,0.011837345090242339,25.10690249152917,25.098470380644738,0.5581616502612414,0.5569892424509534,-0.3810149244904647,-0.36097786791808795,864,5184
symdia_d0.3_c+0.0,diamond,0.3,75m,S,0.12355803744921369,0.2209634519881335,0.27093261674703284,0.020061728395061727,0.0020610548956947914,35.1871011089231,35.18692789990225,0.07913090543474978,0.07818529430045716,0.2868890219628689,0.3339470109509748,864,5184
symdia_d0.3_c+0.0,diamond,0.3,75m,U,0.12070477299225978,0.21057195238186907,0.26663040471693206,0.023726851851851853,0.005177139390449119,0.2632784355048454,0.26631988350746444,0.21846910599675806,0.21674548930564075,0.40461631365740147,0.4021850021848097,864,5184
symdia_d0.3_c+0.0,diamond,0.3,75m,V,0.11778484690364589,0.20180289010350302,0.23566404015047687,0.016975308641975308,0.0038494716661249683,-0.026749894587017056,-0.026342159039308508,0.22610549964254317,0.22579887350294758,0.004147049708655648,0.00350076285200788,864,5184
symdia_d0.3_c+0.0,diamond,0.3,75m,W,0.11786112723565788,0.20633910831912167,0.2439282152161512,0.021219135802469136,3.6982365779861734e-06,6.109653052615374e-06,5.860742767578432e-06,0.00011941870157340198,0.00012263589838372162,-0.12200509740347515,-0.3214356975852951,864,5184
symdia_d0.3_c+0.0,diamond,0.3,75m,sigma0,0.14198043106295277,0.20332773524198888,0.23425087518719653,0.019097222222222224,0.004041758564426894,23.45093273362508,23.45338269721654,0.14451420696628847,0.14338798324501764,0.2733030241809846,0.28973040254109256,864,5184
symdia_d0.3_c+0.0,diamond,0.3,depthavg,T,0.12148065485542213,0.19945455807193171,0.23901512908853065,0.022955246913580248,0.006460564659384616,25.524075847369247,25.519560247925302,0.40104573113727515,0.4009926971822059,-0.748043725575311,-0.78662514410373,864,5184
symdia_d0.3_c+0.0,diamond,0.3,depthavg,S,0.10161896328651009,0.16984952657556615,0.2158920569230322,0.013888888888888888,0.0010488598984025373,35.1472887576576,35.147350127887705,0.10592867476543301,0.10604633864090118,0.09208892939967092,0.09255001987578051,864,5184
symdia_d0.3_c+0.0,diamond,0.3,depthavg,U,0.09488609234829783,0.18430808621219108,0.22634199336238325,0.018132716049382717,0.0030375540117650143,0.0041510784025458785,0.0057160569699137844,0.20382382523199757,0.2024511626760577,0.21556554144723328,0.20740674454672073,864,5184
symdia_d0.3_c+0.0,diamond,0.3,depthavg,V,0.12360593866659668,0.19480307848878572,0.2342887536918825,0.01408179012345679,0.003725355965963273,-0.018485022394101387,-0.018451072985643063,0.27106602350773423,0.271723504295363,0.020700283270520838,0.026576743139786686,864,5184
symdia_d0.3_c+0.0,diamond,0.3,depthavg,W,0.13310819669731982,0.21483643535920993,0.24833482191044892,0.021219135802469136,2.9527599791713722e-06,2.4209001718633572e-06,3.4577741042685436e-06,8.314759237944036e-05,8.649424563497796e-05,-0.5671685015260749,-0.5681027809238912,864,5184
symdia_d0.3_c+0.0,diamond,0.3,depthavg,sigma0,0.11538128849050162,0.21309683104472057,0.24204996474958096,0.018132716049382717,0.002286760883563428,23.292971273715004,23.29441304942253,0.12160358772995614,0.12102592403400578,0.3018603989073249,0.37076146685192735,864,5184
symdia_d0.5_c+0.0,diamond,0.5,25m,T,0.10934115567603399,0.22500455565683575,0.28050476218209586,0.026491769547325017,0.013197919469854193,25.699834556136434,25.68787936565086,0.4114916780292743,0.40343152077981587,-0.7413108920039039,-0.9374717401114836,864,15552
symdia_d0.5_c+0.0,diamond,0.5,25m,S,0.11270088460673669,0.19316286622111217,0.27196701901100484,0.01684670781893005,0.0020151317285089596,35.128563944521204,35.12910686772027,0.12270370207021371,0.12352415752179877,-0.11240741140725304,-0.13387290561808668,864,15552
symdia_d0.5_c+0.0,diamond,0.5,25m,U,0.125479150420798,0.18519835226821182,0.2451775378294191,0.017103909465020578,0.004530265185863806,-0.1154038434554898,-0.11242439007477746,0.22571290482650241,0.22604521151613666,0.0375682728139566,0.04796092761692295,864,15552
symdia_d0.5_c+0.0,diamond,0.5,25m,V,0.1192277550405499,0.19841731435171528,0.25726060845762994,0.018711419753086433,0.005760915106938997,-0.01667589604298904,-0.015880352973257426,0.2906472097487926,0.2933916576487044,0.001678819412298304,0.015270141419436402,864,15552
symdia_d0.5_c+0.0,diamond,0.5,25m,W,0.14120969023348937,0.19945408765622458,0.24274912718521052,0.0529835390946502,5.729487588300615e-06,6.26011808646609e-06,9.238889169973373e-07,6.483605595290594e-05,6.95476109757408e-05,-1.2660540237177165,-1.3269297225591754,864,15552
symdia_d0.5_c+0.0,diamond,0.5,25m,sigma0,0.11547137180803932,0.23900595192643484,0.3234477747701099,0.04179526748971196,0.005866585420888468,23.22473294323019,23.22887320255941,0.15431918090338914,0.1513722371526168,-0.1510248746997247,-0.00175702457753886,864,15552
symdia_d0.5_c+0.0,diamond,0.5,50m,T,0.10946768026153268,0.21440499822668638,0.2730288305889976,0.0282921810699589,0.011514071355827533,25.58896731995621,25.578041584587393,0.4040219027730715,0.4008983775949034,-0.712830486261909,-0.7780935783857645,864,15552
symdia_d0.5_c+0.0,diamond,0.5,50m,S,0.10296085477578473,0.1874724642361242,0.2430920530951058,0.020126028806584366,0.0017207973038055957,35.14157866406825,35.14227780086513,0.10891966087164828,0.10859914532080502,0.07471448282247078,0.09125869917132591,864,15552
symdia_d0.5_c+0.0,diamond,0.5,50m,U,0.10449325885865172,0.20642175717304237,0.2709319428885672,0.0203832304526749,0.004653712173437989,-0.01583242078007602,-0.012308801124377785,0.2057084430189034,0.2031127882781196,0.1674495736477072,0.16492257694352946,864,15552
symdia_d0.5_c+0.0,diamond,0.5,50m,V,0.12474338732233561,0.2137168607166346,0.24536779662081454,0.014724794238683114,0.005274273371905859,-0.0190254741835584,-0.018436240807245013,0.27740744841842346,0.27964500366154443,0.004477197246579735,0.014523075038218524,864,15552
symdia_d0.5_c+0.0,diamond,0.5,50m,W,0.12467923611687524,0.19737262406715117,0.2527382624778266,0.039673353909465026,8.771733825945921e-06,1.168522879359406e-05,2.9291210984235505e-06,0.00010541780074060265,0.00010934277396105942,-0.4740349930357986,-0.83974543256101,864,15552
symdia_d0.5_c+0.0,diamond,0.5,50m,sigma0,0.12057893982466027,0.2330296716000047,0.2766101031304388,0.028292181069958844,0.004736012836563152,23.268933711573876,23.272847886067485,0.1291002833995825,0.12625696870690833,0.08593023331135131,0.19459688146219653,864,15552
symdia_d0.5_c+0.0,diamond,0.5,75m,T,0.111708688233928,0.19516097547871042,0.2624794946248769,0.03015689300411528,0.02264408885033599,25.125672937915834,25.10393328026489,0.5577381207318912,0.5579580166410282,-0.3871171094653429,-0.3784757632722892,864,15552
symdia_d0.5_c+0.0,diamond,0.5,75m,S,0.13937039502336107,0.24102123318294064,0.30927489577506656,0.029192386831275674,0.0037329092638532725,35.18565078142319,35.18660987355582,0.08335811043213921,0.07936434097360393,0.16422527041656018,0.2847530486361741,864,15552
symdia_d0.5_c+0.0,diamond,0.5,75m,U,0.13100195475506457,0.20442135917368084,0.2679386878046524,0.026491769547325128,0.009078208493206641,0.2543136487909861,0.26326928907879843,0.21748315133134757,0.21760855029397172,0.3594659451129768,0.389951415628688,864,15552
symdia_d0.5_c+0.0,diamond,0.5,75m,V,0.11434887979236578,0.20256734376065247,0.24555626020232704,0.016589506172839497,0.003937054968687281,-0.026361165121588547,-0.026603270127395558,0.2280818147176803,0.22644417760188013,-0.0025515724759784565,0.009561427332836743,864,15552
symdia_d0.5_c+0.0,diamond,0.5,75m,W,0.1282505338601653,0.2085062737887357,0.24878468110375215,0.04571759259259256,9.31932659825062e-06,1.4063570943543324e-05,6.1140367038684545e-06,0.00011705063441463091,0.00012200933426989771,-0.16704073390650243,-0.1805979615952136,864,15552
symdia_d0.5_c+0.0,diamond,0.5,75m,sigma0,0.12173150316846235,0.20536381694721892,0.2727245048159468,0.031121399176954667,0.007755296054379914,23.44410290905102,23.451469919562815,0.14576481842873346,0.14447624974736167,0.18226204466996282,0.26685763041556665,864,15552
symdia_d0.5_c+0.0,diamond,0.5,depthavg,T,0.11689947603877943,0.2245433382470073,0.2778169408059122,0.03485082304526754,0.014047454822647912,25.534227654188598,25.520701280935548,0.4023780528909741,0.40099922964908286,-0.6923861781324235,-0.7449221156831277,864,15552
symdia_d0.5_c+0.0,diamond,0.5,depthavg,S,0.10764216987293311,0.195169890043066,0.22938770423625812,0.01742541152263375,0.0014843089024895316,35.1461316050334,35.14680640338336,0.1066696423817823,0.10624734450594686,0.08214137944400353,0.08876135917649468,864,15552
symdia_d0.5_c+0.0,diamond,0.5,depthavg,U,0.12991621578620546,0.1965057529014426,0.24457614815369683,0.024305555555555552,0.005752231274512087,-0.0002938502321953153,0.004220082856828934,0.2045723674509844,0.20337215262527836,0.18246374580392175,0.20008883257778334,864,15552
symdia_d0.5_c+0.0,diamond,0.5,depthavg,V,0.12738342460700158,0.2096498256109037,0.25660017579829747,0.015496399176954667,0.004714126048516406,-0.018878346861567783,-0.018392080153421312,0.26988130916075753,0.27152582341690334,0.012131602941240799,0.02627687491425241,864,15552
symdia_d0.5_c+0.0,diamond,0.5,depthavg,W,0.10591373965026125,0.20830165194379005,0.24981419184930473,0.04423868312757201,6.908587909205782e-06,9.674894441004477e-06,2.8435152898676432e-06,8.444616492601035e-05,8.760291480431243e-05,-0.4693047369300363,-0.683226004676018,864,15552
symdia_d0.5_c+0.0,diamond,0.5,depthavg,sigma0,0.10834184269602312,0.22232427501143867,0.2803672952115303,0.027327674897119347,0.004938564545756926,23.28896119875665,23.293652189680024,0.12411365452255631,0.12166737470499933,0.17610259099550685,0.29358228195225533,864,15552
symdia_d0.75_c+0.0,diamond,0.75,25m,T,0.12277160100884135,0.21737710445400288,0.2652419028577765,0.04188100137174211,0.021315310997952863,25.71267929695838,25.69316040928661,0.4227202730144232,0.4074491844161185,-0.5095130774546092,-0.8120524189726781,864,34992
symdia_d0.75_c+0.0,diamond,0.75,25m,S,0.13351295062403254,0.20366432657398903,0.27688336621218984,0.026448902606310054,0.0032017812643290087,35.12698082584124,35.1285049991048,0.12180466788343704,0.1232256535545776,-0.1107558683632079,-0.12504559823562156,864,34992
symdia_d0.75_c+0.0,diamond,0.75,25m,U,0.10545099244143652,0.18316248483019473,0.24989083211332394,0.020919067215363518,0.00702326910394993,-0.12114452194947158,-0.11438660050624219,0.22505688169513588,0.22601070314283736,-0.0025447413449056055,0.03804761257383881,864,34992
symdia_d0.75_c+0.0,diamond,0.75,25m,V,0.11026341417374928,0.20341906144906383,0.2584400790769005,0.02893518518518523,0.006769327657421232,-0.018541538150515676,-0.01628389458590905,0.2866494191842798,0.2921905116055549,-0.012336523112315553,0.010257766750639708,864,34992
symdia_d0.75_c+0.0,diamond,0.75,25m,W,0.11882012725680761,0.19968403909940582,0.24654669299918683,0.037722908093278495,5.051401468451304e-06,6.31216076244628e-06,1.619417837167659e-06,6.580771004491904e-05,7.157306085593805e-05,-0.6994392689311117,-1.3130409893879236,864,34992
symdia_d0.75_c+0.0,diamond,0.75,25m,sigma0,0.13971111193934757,0.23201428197342147,0.2905962749683474,0.05308356195701874,0.01014039092749354,23.219520916083283,23.226770128189028,0.15886521490711264,0.15301207248698567,-0.31914378188393444,-0.09736082572901761,864,34992
symdia_d0.75_c+0.0,diamond,0.75,50m,T,0.1114935743726032,0.21556817714502408,0.2804240521120441,0.04322416552354824,0.0225872663813258,25.604462131284354,25.582583606597435,0.411288205399914,0.40309348914062126,-0.5768223335908705,-0.7268483834675172,864,34992
symdia_d0.75_c+0.0,diamond,0.75,50m,S,0.1260485804977718,0.1959158057224969,0.25613912911401715,0.03506515775034293,0.003640121166747832,35.13903041952095,35.14165301572584,0.11015509118867321,0.10885950535213293,0.020740982263974132,0.07970632565252468,864,34992
symdia_d0.75_c+0.0,diamond,0.75,50m,U,0.11448765352425386,0.178081997348496,0.25096002871575296,0.029035208047553746,0.010806396509590359,-0.0250475542385882,-0.014301352435265847,0.20809183750166407,0.2049739364785282,0.08946690180208611,0.17057019851634944,864,34992
symdia_d0.75_c+0.0,diamond,0.75,50m,V,0.1084193206103702,0.19201534866409342,0.2620573205032731,0.022948102423411054,0.0053263475052188316,-0.020851925825527914,-0.018655746788826776,0.2754672293122639,0.27854995030513025,-0.0038523706992023587,0.00978172549842893,864,34992
symdia_d0.75_c+0.0,diamond,0.75,50m,W,0.12688991830312676,0.2034619821468893,0.262554716622973,0.04022347965249201,8.367249590013704e-06,1.2346073017617685e-05,3.9845063620610335e-06,0.00010711998137282574,0.00011229698530621025,-0.1267159370577303,-0.9355235373114386,864,34992
symdia_d0.75_c+0.0,diamond,0.75,50m,sigma0,0.11904020863074595,0.19044725246779215,0.2732774526345122,0.04799668495656151,0.008932659793856037,23.262197448878464,23.27096618769043,0.13429372618052318,0.1280661310136685,-0.12593142809638957,0.1098692363494033,864,34992
symdia_d0.75_c+0.0,diamond,0.75,75m,T,0.14481298691771,0.2156756088459203,0.2971254318327355,0.037994398719707334,0.03683072396836906,25.150907128570765,25.115610723905384,0.5611094837524682,0.5586779244970079,-0.41949071918241143,-0.38915269332450353,864,34992
symdia_d0.75_c+0.0,diamond,0.75,75m,S,0.12958891336459047,0.24551606433741574,0.3588472587856466,0.041423754000914526,0.006163518018155689,35.182975509737666,35.18597690591433,0.09031203305158748,0.08196682797356808,0.0051697016474975535,0.19509325643136136,864,34992
symdia_d0.75_c+0.0,diamond,0.75,75m,U,0.11037206361158257,0.21674512977861185,0.2733532922121736,0.03935185185185186,0.018812348423849153,0.23918610271699373,0.25799803439182883,0.21491380090056988,0.21779886431241738,0.3216629253286539,0.3724975663457653,864,34992
symdia_d0.75_c+0.0,diamond,0.75,75m,V,0.10820470986240534,0.2127950370499462,0.26912018572212437,0.0197330818472794,0.00468739411099055,-0.024082551928333955,-0.026336783557265313,0.23073602830750228,0.22750074546005228,-0.018348601178207666,0.0030808255294241314,864,34992
symdia_d0.75_c+0.0,diamond,0.75,75m,W,0.1210312339967838,0.21030870194802517,0.2671246368489636,0.04438157293095568,8.699399278297499e-06,1.5668861878787818e-05,8.45848727851361e-06,0.00011858768723416393,0.00012335640749606418,-0.05961276935224716,-0.15897493682305305,864,34992
symdia_d0.75_c+0.0,diamond,0.75,75m,sigma0,0.13210101036616795,0.23161804199424418,0.2791888594190941,0.043724279835390956,0.013195120305745232,23.43435066058984,23.447420882952308,0.1479469178699141,0.14581141307722195,0.06280310820884867,0.21234548904294615,864,34992
symdia_d0.75_c+0.0,diamond,0.75,depthavg,T,0.14844847530123984,0.21254829055238605,0.2774839011377975,0.048782578875171456,0.02455470889159559,25.5503841296761,25.526971435648434,0.4071430050954118,0.4020486031401591,-0.6082347483175722,-0.7042395406391276,864,34992
symdia_d0.75_c+0.0,diamond,0.75,depthavg,S,0.13233919378306322,0.22748722624647583,0.32062630329235564,0.02754915409236397,0.003045724637739808,35.14394425489033,35.14620615397908,0.10804980595741799,0.10660115328785746,0.0441870227151958,0.08209565095029178,864,34992
symdia_d0.75_c+0.0,diamond,0.75,depthavg,U,0.11499625715786788,0.21251601257916156,0.2774939376653705,0.03366483767718342,0.01087519756086052,-0.009216162144953034,0.0015238262521330515,0.20498268427562188,0.2043277731998666,0.1106847691197045,0.18832270060583697,864,34992
symdia_d0.75_c+0.0,diamond,0.75,depthavg,V,0.1171079000880519,0.2050531379891297,0.2514116479877339,0.023719707361682607,0.005215158959642712,-0.019783055007888153,-0.018568469432424156,0.2681823276089498,0.27080155080213897,-0.00174436848634101,0.019697382201525566,864,34992
symdia_d0.75_c+0.0,diamond,0.75,depthavg,W,0.12017610382792483,0.2006453837458547,0.2535837539227511,0.04148090992226794,6.276678947419442e-06,1.0261711496033968e-05,3.991658817565703e-06,8.570210053255913e-05,8.951504778296254e-05,-0.14908292419821503,-0.7414384244351728,864,34992
symdia_d0.75_c+0.0,diamond,0.75,depthavg,sigma0,0.14806939250865397,0.23066254875956152,0.29318820158287073,0.04839677640603568,0.009037286840513163,23.28230164136575,23.291260001252937,0.12858817383297644,0.12325797815364843,-0.006573411617026302,0.20415636462250114,864,34992
symdia_d1.0_c+0.0,diamond,1.0,25m,T,0.17561399505261163,0.2165126322269655,0.28626645698033487,0.06777263374485598,0.03166734251457907,25.728942121044522,25.6997410201007,0.43219115248016143,0.4127820979427424,-0.29817153137367847,-0.6788663934647952,864,62208
symdia_d1.0_c+0.0,diamond,1.0,25m,S,0.15328401350974294,0.21708136125955885,0.27711618138108224,0.030558770576131655,0.004210073994433279,35.12584381891974,35.127739580548784,0.12172238671427059,0.1228581465167682,-0.13459463990781564,-0.12024605100276896,864,62208
symdia_d1.0_c+0.0,diamond,1.0,25m,U,0.10796914185559163,0.19894233129497066,0.2819170878045676,0.026202417695473157,0.010998033626021073,-0.12772437378160548,-0.11699244670881645,0.22776198384075896,0.22610063878055348,-0.04496599146414062,0.01804845961858203,864,62208
symdia_d1.0_c+0.0,diamond,1.0,25m,V,0.1238527830332905,0.20166470977806114,0.2587046994102999,0.03592785493827155,0.011066857642759007,-0.019635241905234115,-0.017041980787683153,0.281733474735271,0.29043649664018,-0.011446532829358706,0.004635571717470503,864,62208
symdia_d1.0_c+0.0,diamond,1.0,25m,W,0.1084441773349381,0.1943447150524676,0.24789924075399328,0.025688014403292214,2.853503000406103e-06,4.892071747848788e-06,3.233523950022391e-06,7.079767886351204e-05,7.363317243855473e-05,-1.0640128697195625,-1.2408621340835695,864,62208
symdia_d1.0_c+0.0,diamond,1.0,25m,sigma0,0.16631359829546416,0.25964603069686565,0.36746765028045447,0.06938014403292181,0.01384912446842926,23.213588309534632,23.22413641439876,0.16282275464491153,0.15520615123314319,-0.4837941353044515,-0.19719785525006947,864,62208
symdia_d1.0_c+0.0,diamond,1.0,50m,T,0.1432430688212432,0.2085898255231975,0.27787412004502915,0.05951003086419748,0.0349460247678504,25.62408568479036,25.589257652330915,0.4227881532279761,0.40641091806468793,-0.3827357015126313,-0.6593787218747694,864,62208
symdia_d1.0_c+0.0,diamond,1.0,50m,S,0.13684358652750575,0.20824327955322192,0.2579444012409466,0.03256815843621408,0.004852730743950223,35.13682861321593,35.140620800509375,0.1121691961570183,0.10935171816413042,-0.06464194211989367,0.0591506105456067,864,62208
symdia_d1.0_c+0.0,diamond,1.0,50m,U,0.10863942670480722,0.21626329270158492,0.2783730077017852,0.04520318930041156,0.018834911337294234,-0.036671611642780426,-0.017836700305486185,0.20969911959772805,0.20648600194675468,0.030039052832608375,0.1530426557425979,864,62208
symdia_d1.0_c+0.0,diamond,1.0,50m,V,0.11776440092456829,0.20701109761066652,0.26704417905789457,0.028951260288065828,0.007349147310452369,-0.021650316122759028,-0.019301894791340323,0.2728741551299099,0.2774736771474056,-0.010734308117011527,0.005377656483217176,864,62208
symdia_d1.0_c+0.0,diamond,1.0,50m,W,0.11330831624787789,0.17936295562789742,0.24883289890303242,0.02131558641975312,3.3392884357417904e-06,7.74774691644124e-06,6.410754616028937e-06,0.000114388872284363,0.00011512354414015397,-0.9185611592660119,-0.9678058895969023,864,62208
symdia_d1.0_c+0.0,diamond,1.0,50m,sigma0,0.12580834604577706,0.22887537896311594,0.3064173193768863,0.06550604423868311,0.01389194901309508,23.254429207943904,23.268114181394267,0.14107215214357213,0.13048777651290824,-0.39455393839945463,0.0021790326537616273,864,62208
symdia_d1.0_c+0.0,diamond,1.0,75m,T,0.13870825101603879,0.2089521330184755,0.28068996763390197,0.06288580246913578,0.056911607887363526,25.182896867227388,25.12907857346682,0.5658378232577477,0.5605018985414499,-0.4991515413170966,-0.4043601600657404,864,62208
symdia_d1.0_c+0.0,diamond,1.0,75m,S,0.14143005128051242,0.2950260080983438,0.4076365707546491,0.047421553497942394,0.009169741846524544,35.17872845219343,35.184854809394096,0.09722860193037264,0.08523719574469825,-0.22714655830064157,0.10433093980707553,864,62208
symdia_d1.0_c+0.0,diamond,1.0,75m,U,0.11311454406047729,0.20032019059577405,0.27226244827634793,0.059510030864197594,0.034236407085013,0.21674299293141416,0.25080855565228993,0.21392101524251203,0.21655800223823968,0.31834567613037734,0.3576175756694989,864,62208
symdia_d1.0_c+0.0,diamond,1.0,75m,V,0.11221432668861406,0.20603483913371096,0.2768436733012408,0.018823945473251058,0.006455003333187779,-0.022325519598440275,-0.02556460748938401,0.23374197916278036,0.2288800654441134,-0.040130739893686596,-0.004540778501130812,864,62208
symdia_d1.0_c+0.0,diamond,1.0,75m,W,0.12508225164250877,0.20608518547024637,0.2691842724905071,0.0231802983539095,4.952139977154161e-06,1.1603839277082547e-05,1.0773007045883915e-05,0.00012658859989045745,0.0001252745139591834,-0.35224269213830317,-0.19882424081786707,864,62208
symdia_d1.0_c+0.0,diamond,1.0,75m,sigma0,0.14453957461563904,0.23342019292571392,0.2957605137002375,0.07211291152263377,0.021124860303233545,23.421333417986446,23.442448754296514,0.15181361819592537,0.14720284572552114,-0.004502572995667037,0.15331561353967998,864,62208
symdia_d1.0_c+0.0,diamond,1.0,depthavg,T,0.16886865197897807,0.21992860355161456,0.29185576084290193,0.057822145061728336,0.037004391755555935,25.571217582671707,25.534963408038095,0.4131650570041315,0.40406037388053007,-0.5083646886285874,-0.6588358846936951,864,62208
symdia_d1.0_c+0.0,diamond,1.0,depthavg,S,0.12708472333084667,0.230175425830889,0.27712125853248387,0.03260030864197527,0.004675769225369767,35.14168199184845,35.145269159094326,0.11019925504191842,0.10718532416935428,-0.04013729447067213,0.06864502855211299,864,62208
symdia_d1.0_c+0.0,diamond,1.0,depthavg,U,0.1317396519930869,0.20689897353692055,0.274108138286505,0.04245434670781889,0.018752833619402765,-0.0211455496134309,-0.002403014531006695,0.20655860377300284,0.20486474706615762,0.05827202736887755,0.16323434620985217,864,62208
symdia_d1.0_c+0.0,diamond,1.0,depthavg,V,0.13289259099696318,0.184976291133651,0.26739779381986467,0.027231224279835486,0.006995540982861125,-0.020069300504467848,-0.018926286108531056,0.26572146862619733,0.26992903616957603,-0.010522810899506132,0.013077037736100436,864,62208
symdia_d1.0_c+0.0,diamond,1.0,depthavg,W,0.11955554169529192,0.1971633538722179,0.2527265286382426,0.019852752057613166,2.561040484020941e-06,7.124023976209053e-06,5.93052484280468e-06,9.19068404318464e-05,9.167878516765145e-05,-0.808286860651986,-0.7874815794423221,864,62208
symdia_d1.0_c+0.0,diamond,1.0,depthavg,sigma0,0.13549496167604158,0.2336323091893902,0.3092181773671141,0.07098765432098764,0.01399829560197343,23.27413666943214,23.2880777543945,0.1336546879468641,0.1253878752752032,-0.20356955827807868,0.10529575699415494,864,62208
