config,shape,diameter,depth,pair,js2d,js2d_null,js2d_null_p95,corr_obs,corr_true,cov_obs,cov_true,n_obs,n_true
symhex_d0.3_c+0.0,hexagon,0.3,25m,Reynolds stress u'v',0.4394414767397328,0.6316745076013888,0.7463376489337495,0.46071927508154153,0.4610121927974533,0.03056374233377846,0.030611728312281292,1296,10368
symhex_d0.3_c+0.0,hexagon,0.3,25m,vert. flux zonal mom. u'w',0.4691523671891137,0.6496377100988939,0.7569554196089365,-0.08124467799692674,-0.11395538113796543,-1.1733678800295314e-06,-1.7261577848625653e-06,1296,10368
symhex_d0.3_c+0.0,hexagon,0.3,25m,vert. flux merid. mom. v'w',0.4775485057759819,0.6706255773937307,0.7553016080421793,-0.11638981917768032,-0.13682661286054004,-2.1724670984276972e-06,-2.6864456094719612e-06,1296,10368
symhex_d0.3_c+0.0,hexagon,0.3,25m,zonal heat flux u'T',0.4028179146419379,0.5911706906712968,0.7081533993963178,0.3511186633115387,0.36279405126251646,0.03222358487920904,0.033130338778209194,1296,10368
symhex_d0.3_c+0.0,hexagon,0.3,25m,merid. heat flux v'T',0.44043378171037884,0.63384383208865,0.7274639271185229,-0.1271460682049713,-0.12494909320473618,-0.015080710916038697,-0.01478974380323505,1296,10368
symhex_d0.3_c+0.0,hexagon,0.3,25m,vertical heat flux w'T',0.4497076159583759,0.5977371454791047,0.7097002581037957,0.09871104826502501,0.03250166025236309,2.5489057111215017e-06,8.77613516261266e-07,1296,10368
symhex_d0.3_c+0.0,hexagon,0.3,25m,T-S,0.3612693891947172,0.5352942113257637,0.6391684601057853,0.05037550661130818,0.05564110948124209,0.0025201972308896616,0.0027738544471833902,1296,10368
symhex_d0.3_c+0.0,hexagon,0.3,50m,Reynolds stress u'v',0.4510207208833337,0.6702836801069206,0.749596640833361,0.38364588772362185,0.38597421311671193,0.02188850491598883,0.02182758040657447,1296,10368
symhex_d0.3_c+0.0,hexagon,0.3,50m,vert. flux zonal mom. u'w',0.47937008550588356,0.6652189362611817,0.7567683804903139,-0.06469752740269413,-0.1087011003920486,-1.3557920567420904e-06,-2.359328871776903e-06,1296,10368
symhex_d0.3_c+0.0,hexagon,0.3,50m,vert. flux merid. mom. v'w',0.4720387091065252,0.6596937937079519,0.755100899886719,-0.14890155195647214,-0.16542744598361664,-4.244545861964221e-06,-4.968315353541916e-06,1296,10368
symhex_d0.3_c+0.0,hexagon,0.3,50m,zonal heat flux u'T',0.42848824082964226,0.5950798600844545,0.6922295919519011,0.42041835775804065,0.4488272896138797,0.034590321907531495,0.036329960629405515,1296,10368
symhex_d0.3_c+0.0,hexagon,0.3,50m,merid. heat flux v'T',0.46118103141891675,0.6267817240249502,0.7311746134465944,-0.04762923096990613,-0.04359257571530997,-0.005330563311331848,-0.0048825337067049035,1296,10368
symhex_d0.3_c+0.0,hexagon,0.3,50m,vertical heat flux w'T',0.46265516531033535,0.6564276536808763,0.734013194031045,0.09241449129690456,0.038173115856533366,3.798914023389657e-06,1.6409583781011313e-06,1296,10368
symhex_d0.3_c+0.0,hexagon,0.3,50m,T-S,0.3865767358990453,0.5789245764747489,0.677351355092102,0.2937783394298701,0.30189544577768346,0.01278550713534547,0.0131107314383159,1296,10368
symhex_d0.3_c+0.0,hexagon,0.3,75m,Reynolds stress u'v',0.4871247282819904,0.6856547764512808,0.7718674412345528,0.24853522324174065,0.26032883551303504,0.0123191100723297,0.012802021675106355,1296,10368
symhex_d0.3_c+0.0,hexagon,0.3,75m,vert. flux zonal mom. u'w',0.5129793010909529,0.6809050495757542,0.7801881615352118,-0.057575602934799415,-0.0906880234335778,-1.469517024837429e-06,-2.4103397080098528e-06,1296,10368
symhex_d0.3_c+0.0,hexagon,0.3,75m,vert. flux merid. mom. v'w',0.5079267410130005,0.6767915936895124,0.7787489224937807,-0.22088373024006308,-0.21628153090370375,-5.820637984148729e-06,-5.965652867126662e-06,1296,10368
symhex_d0.3_c+0.0,hexagon,0.3,75m,zonal heat flux u'T',0.4425705125075549,0.62529631439544,0.7058238402494449,-0.07427751334164288,-0.07340025056868163,-0.009057228009575103,-0.008894655069954406,1296,10368
symhex_d0.3_c+0.0,hexagon,0.3,75m,merid. heat flux v'T',0.45140197715523245,0.6641388350749704,0.7519367204459337,-0.043419627464766304,-0.042823129468217716,-0.005466316474241582,-0.005385427644014783,1296,10368
symhex_d0.3_c+0.0,hexagon,0.3,75m,vertical heat flux w'T',0.47847822175125126,0.6771890725307278,0.7713838564297251,-0.030058208741910224,-0.027044386403448556,-1.9485722507686085e-06,-1.8381923836080223e-06,1296,10368
symhex_d0.3_c+0.0,hexagon,0.3,75m,T-S,0.45755567553307097,0.6243119055037794,0.7595580662127056,0.5649242158471928,0.579732173068346,0.025110928875193637,0.0253413185863126,1296,10368
symhex_d0.3_c+0.0,hexagon,0.3,depthavg,Reynolds stress u'v',0.4402462343575063,0.6323573291957039,0.7471023784416699,0.4108248384050356,0.4137575120477732,0.022760111032156558,0.022808826179493914,1296,10368
symhex_d0.3_c+0.0,hexagon,0.3,depthavg,vert. flux zonal mom. u'w',0.47505294914557544,0.6814882210751595,0.7602334973596634,-0.08237226437960586,-0.11755434041733324,-1.3817579541993308e-06,-2.058932964955629e-06,1296,10368
symhex_d0.3_c+0.0,hexagon,0.3,depthavg,vert. flux merid. mom. v'w',0.47975793951895646,0.6621494070934815,0.766075615079812,-0.1676786670899315,-0.1768737861052701,-3.722847957376828e-06,-4.142624589117779e-06,1296,10368
symhex_d0.3_c+0.0,hexagon,0.3,depthavg,zonal heat flux u'T',0.41438373529661293,0.5990340920910353,0.7047813615803775,0.4427581912910302,0.4602008376930299,0.03629516022046478,0.03743920496771415,1296,10368
symhex_d0.3_c+0.0,hexagon,0.3,depthavg,merid. heat flux v'T',0.44114584316576766,0.6182282578794707,0.7245157346186251,-0.07615110771489453,-0.07228225105800044,-0.0082623741314595,-0.007863564447577126,1296,10368
symhex_d0.3_c+0.0,hexagon,0.3,depthavg,vertical heat flux w'T',0.4638084194840194,0.6653931840935233,0.744410042711308,0.06804260282131333,0.022282776351457916,2.2353361159393026e-06,7.702001109585929e-07,1296,10368
symhex_d0.3_c+0.0,hexagon,0.3,depthavg,T-S,0.3746318014623629,0.5840026646681401,0.6853450025119407,0.3422646414143101,0.35082118944915636,0.014555265507916236,0.014909996429990028,1296,10368
symhex_d0.5_c+0.0,hexagon,0.5,25m,Reynolds stress u'v',0.482974410297149,0.6502297688363539,0.7651357161791182,0.4510158122747559,0.4585240359467362,0.029569553845119126,0.030341422646323696,1296,26784
symhex_d0.5_c+0.0,hexagon,0.5,25m,vert. flux zonal mom. u'w',0.4611998551924325,0.6357189612129428,0.7512299798679164,-0.054433674390999075,-0.06352314014664039,-8.144794957823762e-07,-1.0207828041130464e-06,1296,26784
symhex_d0.5_c+0.0,hexagon,0.5,25m,vert. flux merid. mom. v'w',0.4471542044115546,0.6303671197274382,0.7622404282978446,-0.0377666251368032,-0.08462472124898135,-7.257429137876988e-07,-1.7570479672891825e-06,1296,26784
symhex_d0.5_c+0.0,hexagon,0.5,25m,zonal heat flux u'T',0.4408548950861445,0.5968025398786708,0.72701415556428,0.3166647087167985,0.3477163642976547,0.029479901982464935,0.031951006049378,1296,26784
symhex_d0.5_c+0.0,hexagon,0.5,25m,merid. heat flux v'T',0.4735769509102127,0.6386328522665287,0.7513007817189287,-0.13023042655054484,-0.1271699127601654,-0.015570442495205868,-0.015098324687502123,1296,26784
symhex_d0.5_c+0.0,hexagon,0.5,25m,vertical heat flux w'T',0.42540169069019024,0.6060393305228123,0.7115113170259321,0.1169988334663448,0.07992222237480663,3.192489844192269e-06,2.3043025062118392e-06,1296,26784
symhex_d0.5_c+0.0,hexagon,0.5,25m,T-S,0.40451497489326393,0.5467531920726241,0.7133406651575166,0.03304526000099816,0.04828863204963753,0.0016784224420047038,0.0024219388846013555,1296,26784
symhex_d0.5_c+0.0,hexagon,0.5,50m,Reynolds stress u'v',0.48140417355788057,0.6566233616140016,0.7634345201767425,0.36926204016498404,0.38144331335609727,0.021225360698239232,0.02174295168786774,1296,26784
symhex_d0.5_c+0.0,hexagon,0.5,50m,vert. flux zonal mom. u'w',0.4572718647905788,0.6376011363086415,0.7598758035352855,-0.022892556779197323,-0.04834685010945934,-5.132060305412819e-07,-1.1025860119625843e-06,1296,26784
symhex_d0.5_c+0.0,hexagon,0.5,50m,vert. flux merid. mom. v'w',0.45528605300329883,0.6500355621500479,0.7726617542825408,-0.05858377245038306,-0.1166743322634706,-1.7488846346898114e-06,-3.6203483755081437e-06,1296,26784
symhex_d0.5_c+0.0,hexagon,0.5,50m,zonal heat flux u'T',0.4521639841912768,0.6022759066903371,0.7173930825620531,0.38060209992596294,0.41888198381499214,0.03199030325175987,0.03448029794620335,1296,26784
symhex_d0.5_c+0.0,hexagon,0.5,50m,merid. heat flux v'T',0.4966484566092492,0.6472643542129934,0.7734334007773264,-0.04993752486807982,-0.047347998151505914,-0.005589340490609107,-0.005302878728411756,1296,26784
symhex_d0.5_c+0.0,hexagon,0.5,50m,vertical heat flux w'T',0.44286855580887874,0.6259854813903479,0.7422023632679927,0.07118426709411853,0.06637216946233604,3.107381732303235e-06,2.9740747942920725e-06,1296,26784
symhex_d0.5_c+0.0,hexagon,0.5,50m,T-S,0.4247590458060527,0.5809759496184186,0.7041390328805585,0.2671393502262243,0.2893515380621656,0.011804531359496783,0.012639103315358065,1296,26784
symhex_d0.5_c+0.0,hexagon,0.5,75m,Reynolds stress u'v',0.49525629645682884,0.6629808417121497,0.7858691101127401,0.23141314104696495,0.24943774373381886,0.011446326251602345,0.012336410996979354,1296,26784
symhex_d0.5_c+0.0,hexagon,0.5,75m,vert. flux zonal mom. u'w',0.5134213764454025,0.6775816645414889,0.7908205428349844,0.01973789541358483,-0.042018907818932805,5.175734865370949e-07,-1.1249810948945859e-06,1296,26784
symhex_d0.5_c+0.0,hexagon,0.5,75m,vert. flux merid. mom. v'w',0.490255262079484,0.6715104169449477,0.7933852282433854,-0.1428380637875411,-0.1951553004774089,-3.9572926415737065e-06,-5.426559480279124e-06,1296,26784
symhex_d0.5_c+0.0,hexagon,0.5,75m,zonal heat flux u'T',0.45681079338837416,0.6168918302152845,0.7396080225940466,-0.05167946328923278,-0.07185511981901936,-0.006236328370127682,-0.008738150399015224,1296,26784
symhex_d0.5_c+0.0,hexagon,0.5,75m,merid. heat flux v'T',0.4935679780136378,0.6354211455443911,0.7681779596073585,-0.03388650292436891,-0.04165661974722127,-0.004320368267077848,-0.005261257710820929,1296,26784
symhex_d0.5_c+0.0,hexagon,0.5,75m,vertical heat flux w'T',0.4805734090595236,0.6642180788104353,0.7829387841968836,-0.02537970927199276,-0.02897167873396808,-1.715432890310629e-06,-1.9808564966829314e-06,1296,26784
symhex_d0.5_c+0.0,hexagon,0.5,75m,T-S,0.46140482612215244,0.6150064605785539,0.768724570230352,0.5237728801225356,0.5576063457914758,0.02500909970354907,0.025064162652336904,1296,26784
symhex_d0.5_c+0.0,hexagon,0.5,depthavg,Reynolds stress u'v',0.47679388338984474,0.6508838035264292,0.7883810241208802,0.3972904852702038,0.40909397032855294,0.021987091389248786,0.022624085315709832,1296,26784
symhex_d0.5_c+0.0,hexagon,0.5,depthavg,vert. flux zonal mom. u'w',0.4689018492181699,0.6531195759339872,0.7715807270594796,-0.02834332723673274,-0.0621492591638996,-5.041476631369095e-07,-1.1277383942978108e-06,1296,26784
symhex_d0.5_c+0.0,hexagon,0.5,depthavg,vert. flux merid. mom. v'w',0.46150846815946905,0.6471729612746293,0.7658581913885291,-0.07782422054714568,-0.13431510170077243,-1.8158264314230888e-06,-3.229512490549834e-06,1296,26784
symhex_d0.5_c+0.0,hexagon,0.5,depthavg,zonal heat flux u'T',0.46412754233623926,0.5967296561958666,0.7327741028704863,0.41747882227145916,0.4421137830556511,0.0345195437280629,0.036229588180169546,1296,26784
symhex_d0.5_c+0.0,hexagon,0.5,depthavg,merid. heat flux v'T',0.48255395632747505,0.6438246330815227,0.772631330421844,-0.07654587944019309,-0.07544309567269986,-0.008302426515477903,-0.008191973837770884,1296,26784
symhex_d0.5_c+0.0,hexagon,0.5,depthavg,vertical heat flux w'T',0.4531512712864857,0.6292426559980138,0.7542777754860311,0.06198341952648544,0.049232035229705824,2.1607576805474915e-06,1.7540473168790611e-06,1296,26784
symhex_d0.5_c+0.0,hexagon,0.5,depthavg,T-S,0.4355547862362273,0.5859832929013594,0.7307590401121583,0.3134781908795877,0.33834940010446607,0.013528606143222774,0.014435483501701105,1296,26784
symhex_d0.75_c+0.0,hexagon,0.75,25m,Reynolds stress u'v',0.5155172024523111,0.6623968347588431,0.7914656814308179,0.43086197883338895,0.4506572217649592,0.027749171703264113,0.029565261694857677,1296,60480
symhex_d0.75_c+0.0,hexagon,0.75,25m,vert. flux zonal mom. u'w',0.44428239852725376,0.612259804371815,0.7511223793451762,-0.021141485970768203,-0.03578342869207078,-2.971700518228139e-07,-5.903350135404085e-07,1296,60480
symhex_d0.75_c+0.0,hexagon,0.75,25m,vert. flux merid. mom. v'w',0.45598034032386764,0.5958498493136103,0.7485511021958078,0.019237511870755713,-0.035474214893527194,3.4048455945967854e-07,-7.510009229405156e-07,1296,60480
symhex_d0.75_c+0.0,hexagon,0.75,25m,zonal heat flux u'T',0.4493876465850233,0.572294741425094,0.7368843508026164,0.2665215057195126,0.32070082678654427,0.02549908174458175,0.029830324671055126,1296,60480
symhex_d0.75_c+0.0,hexagon,0.75,25m,merid. heat flux v'T',0.48896313190075963,0.5920095832082817,0.6877111508877668,-0.1367993047517121,-0.13001387855143248,-0.01647992244964169,-0.015518820218233899,1296,60480
symhex_d0.75_c+0.0,hexagon,0.75,25m,vertical heat flux w'T',0.42498090354784257,0.5620209167662759,0.6979465720191873,0.1431228059326939,0.0995923266621167,3.763030979692922e-06,2.989345171906025e-06,1296,60480
symhex_d0.75_c+0.0,hexagon,0.75,25m,T-S,0.45110578955855285,0.5229219541107101,0.6029337330231715,0.003839888609407213,0.033287773328412526,0.00020042713240321866,0.00169050024844527,1296,60480
symhex_d0.75_c+0.0,hexagon,0.75,50m,Reynolds stress u'v',0.4986547574773088,0.6081881760642845,0.6970546472458071,0.3515896805727504,0.3710790503478728,0.020215669480612198,0.021229638812136034,1296,60480
symhex_d0.75_c+0.0,hexagon,0.75,50m,vert. flux zonal mom. u'w',0.45970398651273314,0.5783043686993821,0.6653148766465126,0.028569003972256594,-0.004294294407308801,6.357501950760373e-07,-1.0123406354723728e-07,1296,60480
symhex_d0.75_c+0.0,hexagon,0.75,50m,vert. flux merid. mom. v'w',0.47498545856279467,0.6079713911532725,0.7668777762800113,-0.02074991338483067,-0.06322831996976001,-6.024197323256208e-07,-1.9989192321357285e-06,1296,60480
symhex_d0.75_c+0.0,hexagon,0.75,50m,zonal heat flux u'T',0.46614887412501976,0.5955468222950454,0.7542160714110023,0.3192662380933484,0.3883508827912322,0.02779840294070317,0.032478223122767,1296,60480
symhex_d0.75_c+0.0,hexagon,0.75,50m,merid. heat flux v'T',0.5025370828147603,0.6314506326020841,0.7812879048991176,-0.05367646645703677,-0.04863147274843587,-0.006097366032030145,-0.005454238641046873,1296,60480
symhex_d0.75_c+0.0,hexagon,0.75,50m,vertical heat flux w'T',0.46578175010431594,0.5872467608504195,0.7390484343724325,0.06050679597682363,0.06354423908655606,2.660124107202202e-06,2.936645903491555e-06,1296,60480
symhex_d0.75_c+0.0,hexagon,0.75,50m,T-S,0.4785287241058294,0.5969092069286653,0.7575004025829202,0.2197741403004396,0.26715265195293325,0.010158293708608575,0.011834256586133894,1296,60480
symhex_d0.75_c+0.0,hexagon,0.75,75m,Reynolds stress u'v',0.5312061737656113,0.6364743199571601,0.7950993750311182,0.21907431652587916,0.23822694516015977,0.010541788935330759,0.011723995826595047,1296,60480
symhex_d0.75_c+0.0,hexagon,0.75,75m,vert. flux zonal mom. u'w',0.49816556084609803,0.650822178511459,0.7987620189538082,0.03526783297579701,0.0013856264161640143,9.090993033268717e-07,3.7239085529385835e-08,1296,60480
symhex_d0.75_c+0.0,hexagon,0.75,75m,vert. flux merid. mom. v'w',0.5021023173123061,0.6579161722475095,0.7959808290757445,-0.1191598776639482,-0.15016372828882288,-3.4187163702408088e-06,-4.2740599138936266e-06,1296,60480
symhex_d0.75_c+0.0,hexagon,0.75,75m,zonal heat flux u'T',0.499894804426074,0.6131362785926638,0.7546283594321275,-0.009555319334059648,-0.05248556450220293,-0.0011077371309370955,-0.006313172904836894,1296,60480
symhex_d0.75_c+0.0,hexagon,0.75,75m,merid. heat flux v'T',0.5116826269615928,0.6774678518985091,0.7957639775690287,-0.007984248507328135,-0.0325313358037919,-0.0010302106303290515,-0.004144120910986516,1296,60480
symhex_d0.75_c+0.0,hexagon,0.75,75m,vertical heat flux w'T',0.4874242842287539,0.6074988676578981,0.7825587180176491,-0.003564177675095919,-0.021409909068249574,-2.4635479804335937e-07,-1.4894071144949822e-06,1296,60480
symhex_d0.75_c+0.0,hexagon,0.75,75m,T-S,0.48621834606682945,0.6224036828408336,0.763403067668809,0.49679929825332364,0.533679135920215,0.026190287329206734,0.02532201182444309,1296,60480
symhex_d0.75_c+0.0,hexagon,0.75,depthavg,Reynolds stress u'v',0.5055147139650749,0.6380260853123664,0.7932993572091246,0.3799049932342628,0.3991295154944782,0.020752073749467123,0.022018428856026583,1296,60480
symhex_d0.75_c+0.0,hexagon,0.75,depthavg,vert. flux zonal mom. u'w',0.4747836127707627,0.6151578188326405,0.7762131819622868,0.013745360984834486,-0.01873156761517156,2.407398079476295e-07,-3.4869126652634603e-07,1296,60480
symhex_d0.75_c+0.0,hexagon,0.75,depthavg,vert. flux merid. mom. v'w',0.47409146909819094,0.5859199554286723,0.6754527400504303,-0.04160728811993096,-0.08228126241742872,-9.490221837667239e-07,-2.0166864407512043e-06,1296,60480
symhex_d0.75_c+0.0,hexagon,0.75,depthavg,zonal heat flux u'T',0.4891511474352412,0.614737237834293,0.7435241116256106,0.38762718312087746,0.42382763176254484,0.032335355902401934,0.034927346610969995,1296,60480
symhex_d0.75_c+0.0,hexagon,0.75,depthavg,merid. heat flux v'T',0.5116426927306513,0.6505019950384543,0.7770939175489413,-0.0758798453305893,-0.07528486971103708,-0.008243374898022657,-0.008168729519270845,1296,60480
symhex_d0.75_c+0.0,hexagon,0.75,depthavg,vertical heat flux w'T',0.4642408761947961,0.59308227908626,0.7526873563898738,0.06069286917967725,0.05275346345105287,2.114080607942027e-06,1.931489070865815e-06,1296,60480
symhex_d0.75_c+0.0,hexagon,0.75,depthavg,T-S,0.49340693837695987,0.5925955803551229,0.7364206372523014,0.270945532935483,0.315921915796792,0.012115547125343545,0.013646114287831712,1296,60480
symhex_d1.0_c+0.0,hexagon,1.0,25m,Reynolds stress u'v',0.5385224299698944,0.6541201855542205,0.8147557834811723,0.409218367039156,0.4401023634219006,0.025997830227972727,0.02859987770122079,1296,108000
symhex_d1.0_c+0.0,hexagon,1.0,25m,vert. flux zonal mom. u'w',0.44757677124098705,0.5927317803919419,0.7508916111256175,-0.00022687573090923467,-0.030325710280191105,-3.6135261222812807e-09,-5.169096048815167e-07,1296,108000
symhex_d1.0_c+0.0,hexagon,1.0,25m,vert. flux merid. mom. v'w',0.45442915497156094,0.5764499000546426,0.7552579743034624,0.05911843071875211,-0.009290932892939845,1.1397785622189652e-06,-2.0081965696853775e-07,1296,108000
symhex_d1.0_c+0.0,hexagon,1.0,25m,zonal heat flux u'T',0.4739255056909322,0.5909242281814255,0.7382180728963694,0.23560231481318322,0.2936227767747551,0.023453267619616983,0.02775496202973719,1296,108000
symhex_d1.0_c+0.0,hexagon,1.0,25m,merid. heat flux v'T',0.49111382865528647,0.6132639123440281,0.7717943607212411,-0.14126018330280063,-0.13286488882438277,-0.017021506750185246,-0.015925915303845413,1296,108000
symhex_d1.0_c+0.0,hexagon,1.0,25m,vertical heat flux w'T',0.42518490431849787,0.5182163428133079,0.7152635162835572,0.15780789090660785,0.11285411272394937,4.767252148544533e-06,3.5481723658414736e-06,1296,108000
symhex_d1.0_c+0.0,hexagon,1.0,25m,T-S,0.4757310296415636,0.5683328048162134,0.6995724873599685,-0.011671273283291766,0.01734124919279989,-0.000636466965721476,0.0008954194641579597,1296,108000
symhex_d1.0_c+0.0,hexagon,1.0,50m,Reynolds stress u'v',0.5028213271270026,0.6241452649336837,0.7029598149183278,0.3321762502136725,0.3597967147618344,0.01886066533068799,0.020585580003437333,1296,108000
symhex_d1.0_c+0.0,hexagon,1.0,50m,vert. flux zonal mom. u'w',0.4610979791926116,0.5998636371151906,0.7445937016225959,0.0687005207587457,0.006417411044402947,1.6891717684500004e-06,1.5716862838494696e-07,1296,108000
symhex_d1.0_c+0.0,hexagon,1.0,50m,vert. flux merid. mom. v'w',0.4603406164205961,0.5892864889680322,0.7473869170322239,0.019246346788738603,-0.03784866577000529,6.067793778784517e-07,-1.228035224444008e-06,1296,108000
symhex_d1.0_c+0.0,hexagon,1.0,50m,zonal heat flux u'T',0.4904110376740912,0.6069921608465405,0.7375664891412719,0.2904678738261898,0.35634246609194237,0.026111484430985064,0.030402987915250593,1296,108000
symhex_d1.0_c+0.0,hexagon,1.0,50m,merid. heat flux v'T',0.5167696897744216,0.6418906044579343,0.795597297197351,-0.05124637243956959,-0.0487512029265223,-0.005906977343297546,-0.005510465222698576,1296,108000
symhex_d1.0_c+0.0,hexagon,1.0,50m,vertical heat flux w'T',0.4630794858841121,0.5815268201089523,0.7448488954515686,0.07718130627479251,0.06526868661644974,3.852473462322913e-06,3.157969233409195e-06,1296,108000
symhex_d1.0_c+0.0,hexagon,1.0,50m,T-S,0.5039864443846072,0.607828997301416,0.7577602659565205,0.1697440850964521,0.2386446946282753,0.008400426363415316,0.01086049918107396,1296,108000
symhex_d1.0_c+0.0,hexagon,1.0,75m,Reynolds stress u'v',0.5278717801839679,0.6339432675028714,0.7417466404624976,0.21497410033221198,0.22845487916946927,0.009851695235730302,0.011091230399512757,1296,108000
symhex_d1.0_c+0.0,hexagon,1.0,75m,vert. flux zonal mom. u'w',0.49277479234758426,0.625336277209653,0.7040471117786428,0.061773647772103625,0.015026315622975382,1.5861574692151855e-06,4.0479460783798494e-07,1296,108000
symhex_d1.0_c+0.0,hexagon,1.0,75m,vert. flux merid. mom. v'w',0.5003754353506682,0.638018858705311,0.79465023395961,-0.08346660157355655,-0.1247818099095269,-2.566154319310412e-06,-3.6654288028571022e-06,1296,108000
symhex_d1.0_c+0.0,hexagon,1.0,75m,zonal heat flux u'T',0.4923000756284308,0.6196472619092857,0.7671381569049309,0.043798423794934885,-0.028100451808050514,0.004754791910306187,-0.003310545716881841,1296,108000
symhex_d1.0_c+0.0,hexagon,1.0,75m,merid. heat flux v'T',0.5091725178488982,0.6347278330570235,0.7207776434006526,0.008216377384062558,-0.020035742085079276,0.0010680224888727616,-0.002573848706928778,1296,108000
symhex_d1.0_c+0.0,hexagon,1.0,75m,vertical heat flux w'T',0.48730400824287207,0.6232632221315737,0.7756548657967852,0.0048587661594255436,-0.0144214946396125,3.538704040778207e-07,-1.027994469507643e-06,1296,108000
symhex_d1.0_c+0.0,hexagon,1.0,75m,T-S,0.49804340349798604,0.6084562283036345,0.7722267956865141,0.4777497777687922,0.5138720421384235,0.027848701905119705,0.02593755205162458,1296,108000
symhex_d1.0_c+0.0,hexagon,1.0,depthavg,Reynolds stress u'v',0.5154232152172439,0.6303446283086735,0.7235418208939852,0.3607598623590484,0.3881046467489676,0.019321466460095825,0.02127168802444203,1296,108000
symhex_d1.0_c+0.0,hexagon,1.0,depthavg,vert. flux zonal mom. u'w',0.4872581976502961,0.6027638915358717,0.7665311196466029,0.04308577454612933,-0.007579607272111735,8.252563448730393e-07,-1.4549311473734216e-07,1296,108000
symhex_d1.0_c+0.0,hexagon,1.0,depthavg,vert. flux merid. mom. v'w',0.4785535774113844,0.5817851183912238,0.6853831735842367,0.0022870716852431343,-0.05575437155180687,5.641117132549509e-08,-1.401892830692855e-06,1296,108000
symhex_d1.0_c+0.0,hexagon,1.0,depthavg,zonal heat flux u'T',0.49481253107365475,0.5960168246592971,0.7511176823128689,0.372802947600726,0.40746930369001666,0.03152622304219808,0.033779127013541826,1296,108000
symhex_d1.0_c+0.0,hexagon,1.0,depthavg,merid. heat flux v'T',0.524086371152211,0.6290510267215161,0.807073964518493,-0.07395405273180151,-0.07447639827856299,-0.008053505466578518,-0.008087463661128863,1296,108000
symhex_d1.0_c+0.0,hexagon,1.0,depthavg,vertical heat flux w'T',0.4673027508668397,0.592316648289898,0.7539815088176545,0.08344210631148642,0.05872593791033031,3.249685496608153e-06,2.233398722689646e-06,1296,108000
symhex_d1.0_c+0.0,hexagon,1.0,depthavg,T-S,0.514661744478137,0.62015194332089,0.7833845816711341,0.23106881631119558,0.2905990838370578,0.010944673790021604,0.012819294518260716,1296,108000
symsq_d0.3_c+0.0,square,0.3,25m,Reynolds stress u'v',0.525427756595503,0.6570906041496666,0.7555317430149817,0.4588676408693553,0.4607908970286327,0.030398289066034073,0.030584228308587064,864,13824
symsq_d0.3_c+0.0,square,0.3,25m,vert. flux zonal mom. u'w',0.5185681089603211,0.6910177154639762,0.7545294019212384,-0.033761983864433055,-0.10749537861797678,-5.206683338769052e-07,-1.654413980859341e-06,864,13824
symsq_d0.3_c+0.0,square,0.3,25m,vert. flux merid. mom. v'w',0.5422390643028432,0.6851222717101728,0.7630799115196573,-0.0785025471300344,-0.1332180270357648,-1.5615792169011783e-06,-2.6547889487417803e-06,864,13824
symsq_d0.3_c+0.0,square,0.3,25m,zonal heat flux u'T',0.48417104706513336,0.6235563211184253,0.7037190542946113,0.34134907646510393,0.3586190442439096,0.03149463881254558,0.0328168053594699,864,13824
symsq_d0.3_c+0.0,square,0.3,25m,merid. heat flux v'T',0.5174196444922722,0.6489642412745953,0.7348540330985508,-0.12874005119535584,-0.12580008042146615,-0.015321406738988137,-0.01490584075012831,864,13824
symsq_d0.3_c+0.0,square,0.3,25m,vertical heat flux w'T',0.5122727576446681,0.6291693410299299,0.716859888769184,0.16896361629914625,0.05297013679544401,4.6811187681351715e-06,1.4553498805008164e-06,864,13824
symsq_d0.3_c+0.0,square,0.3,25m,T-S,0.4288475877274939,0.5531338007482363,0.6698093729857897,0.04515490275502953,0.05354720240539579,0.0022711088788367082,0.0026741887026302405,864,13824
symsq_d0.3_c+0.0,square,0.3,50m,Reynolds stress u'v',0.5261578331517744,0.6796366904500316,0.7551448464969797,0.3806666177117458,0.38517229416574517,0.021885632110645578,0.021854338572256653,864,13824
symsq_d0.3_c+0.0,square,0.3,50m,vert. flux zonal mom. u'w',0.5268139699711977,0.6786678725602794,0.7570133240135648,-0.028739924435789817,-0.10267967911921332,-6.401800815915052e-07,-2.2498238746386654e-06,864,13824
symsq_d0.3_c+0.0,square,0.3,50m,vert. flux merid. mom. v'w',0.5340793350001288,0.7044205667553477,0.7678098867544865,-0.11301941298292387,-0.1634080605706702,-3.376328304967696e-06,-4.922996781205589e-06,864,13824
symsq_d0.3_c+0.0,square,0.3,50m,zonal heat flux u'T',0.49220068703561953,0.6375466866765984,0.7269728131472272,0.39555041758040344,0.43825895665174247,0.03305115618748656,0.0357001753336584,864,13824
symsq_d0.3_c+0.0,square,0.3,50m,merid. heat flux v'T',0.5328153781652848,0.6760965815286903,0.7673636969864469,-0.05300049024673609,-0.04533170440880173,-0.005939361818003175,-0.005077309699558263,864,13824
symsq_d0.3_c+0.0,square,0.3,50m,vertical heat flux w'T',0.5118605825593192,0.6841556352691275,0.7445114775698167,0.1506348085877363,0.05295120385612514,6.540146401639773e-06,2.290281349646193e-06,864,13824
symsq_d0.3_c+0.0,square,0.3,50m,T-S,0.4581418257386379,0.5931734299046733,0.6752194233566283,0.28665539492525577,0.299008527144691,0.01254585521367655,0.01300256513057314,864,13824
symsq_d0.3_c+0.0,square,0.3,75m,Reynolds stress u'v',0.5496603750098669,0.6912500756987013,0.7769884126519176,0.24197607103317026,0.25633374206001286,0.012052129124752606,0.012647585413442982,864,13824
symsq_d0.3_c+0.0,square,0.3,75m,vert. flux zonal mom. u'w',0.5598913672294135,0.7238384964950433,0.7870294309770635,-0.026813546582120557,-0.08008739771853314,-7.106669899305347e-07,-2.1310256258504085e-06,864,13824
symsq_d0.3_c+0.0,square,0.3,75m,vert. flux merid. mom. v'w',0.5578975576207809,0.7115413945966733,0.7834682887949159,-0.21214107126886617,-0.21701545554350984,-5.802757488473272e-06,-5.979490339128406e-06,864,13824
symsq_d0.3_c+0.0,square,0.3,75m,zonal heat flux u'T',0.49262335458119355,0.6511345012015745,0.7357926327752081,-0.0797680915082143,-0.07524292721658193,-0.009788783772614579,-0.009152391517212309,864,13824
symsq_d0.3_c+0.0,square,0.3,75m,merid. heat flux v'T',0.5323008907918119,0.6512648619035732,0.7459656854093945,-0.044665417813209825,-0.04314664452934718,-0.005656772537505586,-0.0054345670052705535,864,13824
symsq_d0.3_c+0.0,square,0.3,75m,vertical heat flux w'T',0.546472446188639,0.6953905664452565,0.7715427584085423,-0.02132737230511575,-0.028194799261451617,-1.4373257037308888e-06,-1.915179896290319e-06,864,13824
symsq_d0.3_c+0.0,square,0.3,75m,T-S,0.5300967793029364,0.6581232981773646,0.770518635923255,0.5443171743890486,0.5732812663000889,0.024724596180964824,0.02523302237435788,864,13824
symsq_d0.3_c+0.0,square,0.3,depthavg,Reynolds stress u'v',0.5294509419637764,0.6577491997690689,0.7595856336093791,0.4080128303133683,0.41272578590778874,0.022681358802403948,0.02279326890501458,864,13824
symsq_d0.3_c+0.0,square,0.3,depthavg,vert. flux zonal mom. u'w',0.5377671502993442,0.6726126157887765,0.7659500543193352,-0.046254450031986784,-0.1113314356800284,-8.187307551754448e-07,-1.962728009422919e-06,864,13824
symsq_d0.3_c+0.0,square,0.3,depthavg,vert. flux merid. mom. v'w',0.5283081486069461,0.7123591680794085,0.7756939422648104,-0.13691287350003703,-0.17568504775637986,-3.184669977527672e-06,-4.126155051526874e-06,864,13824
symsq_d0.3_c+0.0,square,0.3,depthavg,zonal heat flux u'T',0.48546401554375107,0.612762009782629,0.7056943209575365,0.4272509800462562,0.4536693302214715,0.03530212520953396,0.03702841903356198,864,13824
symsq_d0.3_c+0.0,square,0.3,depthavg,merid. heat flux v'T',0.5219498048017444,0.644117412803166,0.7454832512354616,-0.08020568013574164,-0.0738230190408644,-0.008708742998992857,-0.008027050284630105,864,13824
symsq_d0.3_c+0.0,square,0.3,depthavg,vertical heat flux w'T',0.5271216286169301,0.677625176661646,0.7492092962779402,0.12105309566313194,0.03577716267591415,4.185222803156594e-06,1.2418449538345594e-06,864,13824
symsq_d0.3_c+0.0,square,0.3,depthavg,T-S,0.46712189852483543,0.5959311327516041,0.7130371059607663,0.33365173982090607,0.34773382354731,0.014253528404726393,0.014790727518569406,864,13824
symsq_d0.5_c+0.0,square,0.5,25m,Reynolds stress u'v',0.5764510104881707,0.6846129162203584,0.7671478028620429,0.44392135144077993,0.4577094868071592,0.028988154220420684,0.030271161419776895,864,31104
symsq_d0.5_c+0.0,square,0.5,25m,vert. flux zonal mom. u'w',0.5342212991121439,0.6301784203269377,0.7628107931716601,0.03968774658037628,-0.04651594528624206,5.907947982249424e-07,-7.513144284754531e-07,864,31104
symsq_d0.5_c+0.0,square,0.5,25m,vert. flux merid. mom. v'w',0.5248941213987528,0.6741388169320416,0.7708764022106357,0.04078555746439254,-0.06698846322426359,7.713722122863869e-07,-1.3960230501473185e-06,864,31104
symsq_d0.5_c+0.0,square,0.5,25m,zonal heat flux u'T',0.5281446100230507,0.5975464614366455,0.7050917957556935,0.2914899253482547,0.34319289959441374,0.027566424708836933,0.03161039563041994,864,31104
symsq_d0.5_c+0.0,square,0.5,25m,merid. heat flux v'T',0.5460820883257183,0.6476331227484184,0.7527219660634494,-0.13412522592851783,-0.1278910613945058,-0.016115534927694304,-0.015198632891365318,864,31104
symsq_d0.5_c+0.0,square,0.5,25m,vertical heat flux w'T',0.48982678916451466,0.6117007796995045,0.7230397085703181,0.15071245708299968,0.0891832191798604,4.128089477416778e-06,2.588380900158199e-06,864,31104
symsq_d0.5_c+0.0,square,0.5,25m,T-S,0.5048704962468187,0.5675496532537692,0.6933451905590625,0.01926519291668761,0.0459563505819755,0.000990756200157249,0.002309184573550392,864,31104
symsq_d0.5_c+0.0,square,0.5,50m,Reynolds stress u'v',0.5714884997857531,0.6589045076767285,0.7772751215307003,0.3632066957473956,0.38010361551908006,0.020936520667338594,0.021707399207973606,864,31104
symsq_d0.5_c+0.0,square,0.5,50m,vert. flux zonal mom. u'w',0.5164914087590371,0.6499225807883425,0.761261676361346,0.12273872714070065,-0.023369750888233995,2.7670056687242654e-06,-5.364220955124313e-07,864,31104
symsq_d0.5_c+0.0,square,0.5,50m,vert. flux merid. mom. v'w',0.5367851524359744,0.6609472988374039,0.7665242977786392,0.009400428717031973,-0.09965495581456195,2.7863703358046834e-07,-3.0990612440518902e-06,864,31104
symsq_d0.5_c+0.0,square,0.5,50m,zonal heat flux u'T',0.525929134983064,0.645409299179798,0.7417699397773847,0.3510442947279883,0.4110791018901854,0.0300388122718391,0.03399189036731586,864,31104
symsq_d0.5_c+0.0,square,0.5,50m,merid. heat flux v'T',0.5779570105045853,0.6745650313723245,0.7752411645225435,-0.05215208743638819,-0.0484907537876197,-0.005867529440821384,-0.005432347410524987,864,31104
symsq_d0.5_c+0.0,square,0.5,50m,vertical heat flux w'T',0.5227387497029538,0.64749798208116,0.7421643205262073,0.06234029325030887,0.06954584960778118,2.743027691046402e-06,3.1314580693137853e-06,864,31104
symsq_d0.5_c+0.0,square,0.5,50m,T-S,0.5556481207811879,0.6243136218809765,0.7122715393178439,0.24724873819325036,0.2861930905404262,0.011094673143003032,0.012522918811655449,864,31104
symsq_d0.5_c+0.0,square,0.5,75m,Reynolds stress u'v',0.5948095764699606,0.7025760625185024,0.7951620914676666,0.22045170872289108,0.24662091741268038,0.01070999624191284,0.012190274374344758,864,31104
symsq_d0.5_c+0.0,square,0.5,75m,vert. flux zonal mom. u'w',0.583954280744855,0.712928168844797,0.7958249775706036,0.0987698189494176,-0.024776766483958823,2.591552289430336e-06,-6.654196031669176e-07,864,31104
symsq_d0.5_c+0.0,square,0.5,75m,vert. flux merid. mom. v'w',0.5719906750939048,0.7024741068041251,0.7944087520976918,-0.11103637864386304,-0.18656593372251903,-3.1627711663300644e-06,-5.21690257017044e-06,864,31104
symsq_d0.5_c+0.0,square,0.5,75m,zonal heat flux u'T',0.5498607556401298,0.6412905094772251,0.7545646962011096,-0.030252480277637796,-0.07033481493320635,-0.0035803879276081283,-0.00854509415544838,864,31104
symsq_d0.5_c+0.0,square,0.5,75m,merid. heat flux v'T',0.5726238391757057,0.6771777063267229,0.783081843950413,-0.01887869864138496,-0.04057856228492277,-0.0024255370615627356,-0.005133015501512077,864,31104
symsq_d0.5_c+0.0,square,0.5,75m,vertical heat flux w'T',0.5627427160066806,0.6752074981338482,0.7811210554367773,-0.009133221491060444,-0.026731974684282775,-6.33752550511601e-07,-1.8372757919987684e-06,864,31104
symsq_d0.5_c+0.0,square,0.5,75m,T-S,0.5732273050099465,0.6741672232463368,0.7675203495589134,0.5227096481968709,0.5532552234267605,0.025853487030194824,0.02505740961486888,864,31104
symsq_d0.5_c+0.0,square,0.5,depthavg,Reynolds stress u'v',0.5739049091125705,0.6931395606427979,0.7824577191818898,0.3896567560284759,0.407742606081097,0.021452142169203985,0.02255682852593294,864,31104
symsq_d0.5_c+0.0,square,0.5,depthavg,vert. flux zonal mom. u'w',0.5493406480856176,0.6513819963565602,0.7677277074303209,0.0939249753970003,-0.04012520514939449,1.6794347899132663e-06,-7.314032041666933e-07,864,31104
symsq_d0.5_c+0.0,square,0.5,depthavg,vert. flux merid. mom. v'w',0.5504801975228505,0.7001236029762405,0.7748421982679895,-0.0151222100048579,-0.1187309960881498,-3.529022035856809e-07,-2.8619561832116353e-06,864,31104
symsq_d0.5_c+0.0,square,0.5,depthavg,zonal heat flux u'T',0.5597560289108726,0.6541487317541101,0.74816381526488,0.40365203472279104,0.4377539098301153,0.03356413555152347,0.0359389580863013,864,31104
symsq_d0.5_c+0.0,square,0.5,depthavg,merid. heat flux v'T',0.5625664626451948,0.6446698894897301,0.757148588124398,-0.07474917307547164,-0.07606836385090679,-0.008112071366101616,-0.00825845487345462,864,31104
symsq_d0.5_c+0.0,square,0.5,depthavg,vertical heat flux w'T',0.5327950173542506,0.6260715471236274,0.7410518702401004,0.06539718882614443,0.05391748415081386,2.305037790008396e-06,1.928732476119885e-06,864,31104
symsq_d0.5_c+0.0,square,0.5,depthavg,T-S,0.5447381473209917,0.6210304682464108,0.7306920785010845,0.2962020563741336,0.33502689082045267,0.012939906994486739,0.014313816133873405,864,31104
symsq_d0.75_c+0.0,square,0.75,25m,Reynolds stress u'v',0.5985385628485889,0.6771799864122429,0.8052865437977236,0.41627226226870684,0.4481021575526478,0.026443997880609176,0.02933221739762876,864,69984
symsq_d0.75_c+0.0,square,0.75,25m,vert. flux zonal mom. u'w',0.5283396843432951,0.6323568266978312,0.7536165735447505,0.0023499385192649676,-0.030286848389400954,3.593200524133527e-08,-5.047938103197912e-07,864,69984
symsq_d0.75_c+0.0,square,0.75,25m,vert. flux merid. mom. v'w',0.5202223348174992,0.6155552429838835,0.7531493435873741,0.0474109983713126,-0.02291897647083975,8.942422875973223e-07,-4.886663842653933e-07,864,69984
symsq_d0.75_c+0.0,square,0.75,25m,zonal heat flux u'T',0.5497358087248332,0.579040360523855,0.7075128539433171,0.23033284650094352,0.31233103911893273,0.02259485952176773,0.029188603810903466,864,69984
symsq_d0.75_c+0.0,square,0.75,25m,merid. heat flux v'T',0.5792227601665022,0.6418296492191728,0.7729511041327002,-0.13985188072326318,-0.13095465163265502,-0.016922839294720948,-0.015655841417965395,864,69984
symsq_d0.75_c+0.0,square,0.75,25m,vertical heat flux w'T',0.49623583564720253,0.5860945517922557,0.7149859216703022,0.23112313117184452,0.10398813665873761,6.7316828285547585e-06,3.1654201134063224e-06,864,69984
symsq_d0.75_c+0.0,square,0.75,25m,T-S,0.5497909571530473,0.5741872089456391,0.7275647635421859,-0.008932855996201758,0.029024506343752768,-0.0004811817362069344,0.0014807354870413193,864,69984
symsq_d0.75_c+0.0,square,0.75,50m,Reynolds stress u'v',0.5911019372388381,0.66942443165886,0.7995907774591842,0.32914787122403594,0.36788703327576866,0.01882242851750748,0.021054330671528863,864,69984
symsq_d0.75_c+0.0,square,0.75,50m,vert. flux zonal mom. u'w',0.534306277423399,0.6213911760084545,0.7472936781475351,0.07662135388917941,0.0075322088864214,1.8069877511491046e-06,1.7980004251954426e-07,864,69984
symsq_d0.75_c+0.0,square,0.75,50m,vert. flux merid. mom. v'w',0.5370382031517061,0.637551947437622,0.7663007310985146,0.0197931585041451,-0.049576601670760084,6.030521254478577e-07,-1.5816552486392152e-06,864,69984
symsq_d0.75_c+0.0,square,0.75,50m,zonal heat flux u'T',0.5604276208845231,0.6211722043429085,0.745071083356963,0.27972141968128317,0.3797239152655421,0.025160163659146226,0.03192469032358844,864,69984
symsq_d0.75_c+0.0,square,0.75,50m,merid. heat flux v'T',0.5969343331822476,0.6819387407581502,0.8012669978036422,-0.04143524288451966,-0.04833595401804526,-0.004814952308227464,-0.005431211013038094,864,69984
symsq_d0.75_c+0.0,square,0.75,50m,vertical heat flux w'T',0.5315289460921445,0.6084323367929765,0.73721352616559,0.12128111216620341,0.06233916503711594,5.812139813738257e-06,2.9216476462185946e-06,864,69984
symsq_d0.75_c+0.0,square,0.75,50m,T-S,0.5963226647829628,0.619091223204396,0.7570582228165869,0.18530423141890637,0.260022829203809,0.009041310954058706,0.011590564850927276,864,69984
symsq_d0.75_c+0.0,square,0.75,75m,Reynolds stress u'v',0.6095638106193793,0.6740617688515762,0.811436017062268,0.20416505759437953,0.23489571018654234,0.009524490272858661,0.011514619583915779,864,69984
symsq_d0.75_c+0.0,square,0.75,75m,vert. flux zonal mom. u'w',0.5883282434912837,0.6844922704374672,0.8047193359899677,0.05030610245304966,0.01250199004587045,1.2734852399042175e-06,3.3614876655884674e-07,864,69984
symsq_d0.75_c+0.0,square,0.75,75m,vert. flux merid. mom. v'w',0.575983519752003,0.6719242644867981,0.7989279363020639,-0.07599649161098984,-0.13830207052767937,-2.271867935803419e-06,-3.9704169879594165e-06,864,69984
symsq_d0.75_c+0.0,square,0.75,75m,zonal heat flux u'T',0.5886079759074139,0.6398278855506685,0.7502255594892726,0.03955184998558921,-0.04483279651093114,0.004406770342868442,-0.005361914448297492,864,69984
symsq_d0.75_c+0.0,square,0.75,75m,merid. heat flux v'T',0.5908926504276686,0.6762793854659137,0.7916148249384481,0.007576749464374262,-0.0287462685815549,0.0009969028486456356,-0.0036707989175489256,864,69984
symsq_d0.75_c+0.0,square,0.75,75m,vertical heat flux w'T',0.5747791863724966,0.6622562501496108,0.7797099846111402,-0.006313629396384705,-0.021405746263365943,-4.50777170738074e-07,-1.4992959001972796e-06,864,69984
symsq_d0.75_c+0.0,square,0.75,75m,T-S,0.5862779895981327,0.6462639260744523,0.7728789953937569,0.5078042349170829,0.5300782034760058,0.02915570812671426,0.025556510011397044,864,69984
symsq_d0.75_c+0.0,square,0.75,depthavg,Reynolds stress u'v',0.6044909613690378,0.6811620548264361,0.7864079290153553,0.3605315868000241,0.39604303850082856,0.019435734722161098,0.021812356614977692,864,69984
symsq_d0.75_c+0.0,square,0.75,depthavg,vert. flux zonal mom. u'w',0.5357503717532252,0.6424178495610816,0.7752427579037653,0.04255671736954417,-0.007778797694834346,7.801513838130462e-07,-1.4622592692636335e-07,864,69984
symsq_d0.75_c+0.0,square,0.75,depthavg,vert. flux merid. mom. v'w',0.554689505200684,0.6322862333544415,0.7632144110191802,-0.0006906440206851731,-0.06849517947470576,-1.642197669506141e-08,-1.6928166380121282e-06,864,69984
symsq_d0.75_c+0.0,square,0.75,depthavg,zonal heat flux u'T',0.566835316172372,0.6406180715629347,0.7804340359697967,0.36829011803884215,0.41931411737674323,0.030970761575025676,0.03461058812518869,864,69984
symsq_d0.75_c+0.0,square,0.75,depthavg,merid. heat flux v'T',0.6155258390217699,0.6618444235194927,0.7760717544300877,-0.06867659262376902,-0.07467659380332173,-0.0074908477736240564,-0.008103861310438146,864,69984
symsq_d0.75_c+0.0,square,0.75,depthavg,vertical heat flux w'T',0.5390769149058766,0.6210233464334994,0.7456850973303506,0.12097648256036594,0.052689908693757476,4.487209065518545e-06,1.951581290980862e-06,864,69984
symsq_d0.75_c+0.0,square,0.75,depthavg,T-S,0.6114285569123542,0.6116196831774633,0.7494852762982678,0.24812972215825468,0.30957610203342667,0.011516776372086798,0.013438198468252739,864,69984
symsq_d1.0_c+0.0,square,1.0,25m,Reynolds stress u'v',0.6271455894562861,0.6548430613699858,0.7915915430020419,0.39017389491998256,0.43616394721538093,0.024284297900486897,0.02824686571866874,864,124416
symsq_d1.0_c+0.0,square,1.0,25m,vert. flux zonal mom. u'w',0.5363742868442339,0.5895135746235413,0.739346176103693,-0.04016856903597926,-0.03137378687883072,-6.688552258298579e-07,-5.395586036806278e-07,864,124416
symsq_d1.0_c+0.0,square,1.0,25m,vert. flux merid. mom. v'w',0.5141140190478098,0.5994632992137889,0.7553045061758553,0.03405559504824153,-0.003113210007273796,6.611946689581944e-07,-6.750802893256117e-08,864,124416
symsq_d1.0_c+0.0,square,1.0,25m,zonal heat flux u'T',0.5741645259384662,0.6023523322309849,0.770103697944518,0.19106071134074268,0.2831375949557508,0.02000474091849285,0.026977157048689398,864,124416
symsq_d1.0_c+0.0,square,1.0,25m,merid. heat flux v'T',0.5925583594506076,0.6428063097021467,0.7619853933364417,-0.14055972311100248,-0.13341237633424935,-0.017160010142453035,-0.01602765890577608,864,124416
symsq_d1.0_c+0.0,square,1.0,25m,vertical heat flux w'T',0.49376538318166047,0.5462048615665109,0.6884211638784888,0.22618674876076866,0.12372507128951649,7.387580501054925e-06,3.947143024755867e-06,864,124416
symsq_d1.0_c+0.0,square,1.0,25m,T-S,0.5821277423644033,0.5869672797478146,0.7361298132770648,-0.02368956523203364,0.012919305141337382,-0.0013827644296764028,0.000673473723552342,864,124416
symsq_d1.0_c+0.0,square,1.0,50m,Reynolds stress u'v',0.6042593574601443,0.6549353484315033,0.8043311645858535,0.3095289119763285,0.35507048557992144,0.01765278949011364,0.0203195553006111,864,124416
symsq_d1.0_c+0.0,square,1.0,50m,vert. flux zonal mom. u'w',0.5228953342573,0.5912740626685203,0.7384000173124905,0.02870632460769387,0.009234686759983445,7.17336317903795e-07,2.2886486405768177e-07,864,124416
symsq_d1.0_c+0.0,square,1.0,50m,vert. flux merid. mom. v'w',0.536884114360802,0.6301789255217931,0.7674715705246865,0.006964394065866907,-0.031386337748389,2.1682977416931563e-07,-1.0256543751344027e-06,864,124416
symsq_d1.0_c+0.0,square,1.0,50m,zonal heat flux u'T',0.5852016113654267,0.6090553765474302,0.7402267791994847,0.21990434496859818,0.3421714382487727,0.021409337749768016,0.029528517673730464,864,124416
symsq_d1.0_c+0.0,square,1.0,50m,merid. heat flux v'T',0.6296492142080582,0.6644490022963746,0.7942328186911166,-0.04726641570824819,-0.047472849721516414,-0.005733402696841434,-0.005401901133031684,864,124416
symsq_d1.0_c+0.0,square,1.0,50m,vertical heat flux w'T',0.531129160173349,0.6021559677950236,0.7335811635524763,0.10460193298116094,0.06988734972894453,5.559459781592368e-06,3.443953113435729e-06,864,124416
symsq_d1.0_c+0.0,square,1.0,50m,T-S,0.6232166351468927,0.5982432664581671,0.7540027786182146,0.12154226406821414,0.22777486916062945,0.006666429267356977,0.01053263863336057,864,124416
symsq_d1.0_c+0.0,square,1.0,75m,Reynolds stress u'v',0.6135646440711346,0.6785708128754141,0.8135701210232358,0.17554938598180314,0.22367168224426245,0.007843708846643123,0.010782783886063902,864,124416
symsq_d1.0_c+0.0,square,1.0,75m,vert. flux zonal mom. u'w',0.5700651369945674,0.6626376666584087,0.7973301851272617,0.020887581827568863,0.018623281932690357,5.099117815630928e-07,5.011457441511525e-07,864,124416
symsq_d1.0_c+0.0,square,1.0,75m,vert. flux merid. mom. v'w',0.5708267511597825,0.6609957689733965,0.8031443494169974,-0.05339541830797637,-0.11543645730561523,-1.660351937986444e-06,-3.43229952278742e-06,864,124416
symsq_d1.0_c+0.0,square,1.0,75m,zonal heat flux u'T',0.5814315214999208,0.6423173416284392,0.7851144657626506,0.10175318830941474,-0.017795643742562844,0.010745215012555086,-0.0020775986666572276,864,124416
symsq_d1.0_c+0.0,square,1.0,75m,merid. heat flux v'T',0.6037308267029408,0.6595256443687872,0.8058347756929077,0.034328353775541234,-0.01512551366111924,0.004617525890475534,-0.001951158043372491,864,124416
symsq_d1.0_c+0.0,square,1.0,75m,vertical heat flux w'T',0.5620263513832805,0.6286719062699794,0.7805693294866313,0.009606521235092523,-0.012208772869924054,7.06004129860348e-07,-8.791080611477325e-07,864,124416
symsq_d1.0_c+0.0,square,1.0,75m,T-S,0.605319595565213,0.6340919212535028,0.7921247107745732,0.5182698860771153,0.5113948410209643,0.03383912716312885,0.026486164011427275,864,124416
symsq_d1.0_c+0.0,square,1.0,depthavg,Reynolds stress u'v',0.6125889586573641,0.6701079978907545,0.8022609059771516,0.33622741784785765,0.3835865992735881,0.017825199630866064,0.02096293866531198,864,124416
symsq_d1.0_c+0.0,square,1.0,depthavg,vert. flux zonal mom. u'w',0.5525211922899114,0.6401562344128598,0.7790561304388897,-0.0053742576973890505,-0.005840863667610254,-1.0385538318922267e-07,-1.1315176519391882e-07,864,124416
symsq_d1.0_c+0.0,square,1.0,depthavg,vert. flux merid. mom. v'w',0.5465662127371275,0.6182141813226272,0.7750772816370332,-0.002417679508036358,-0.048207746255388643,-5.9297813325937804e-08,-1.22099884901162e-06,864,124416
symsq_d1.0_c+0.0,square,1.0,depthavg,zonal heat flux u'T',0.6001767654170016,0.6291993058118764,0.7885443817901092,0.3407823975196485,0.4009604897413166,0.029786827844882166,0.03335670010701291,864,124416
symsq_d1.0_c+0.0,square,1.0,depthavg,merid. heat flux v'T',0.6349532167034803,0.678293530119262,0.805291407616605,-0.0665152772688806,-0.07323717684459664,-0.007379007146181739,-0.007965760735689024,864,124416
symsq_d1.0_c+0.0,square,1.0,depthavg,vertical heat flux w'T',0.5354803603407692,0.6068577069810625,0.7411661160678568,0.11594525797039555,0.06479372759582787,4.6885522973357625e-06,2.4981824636187513e-06,864,124416
symsq_d1.0_c+0.0,square,1.0,depthavg,T-S,0.6321226411287265,0.6155311571980099,0.7430071348943313,0.21117347641555448,0.28266169910535816,0.010755192991980255,0.012612710404912549,864,124416
symdia_d0.3_c+0.0,diamond,0.3,25m,Reynolds stress u'v',0.5351657244356517,0.6175370888257463,0.7038047409866132,0.4614792987408609,0.46080102873380757,0.030639781046021018,0.030617569274756198,864,5184
symdia_d0.3_c+0.0,diamond,0.3,25m,vert. flux zonal mom. u'w',0.555544278101339,0.7000055582552329,0.73450895649631,-0.08186310852547818,-0.12226593727792064,-1.157490911629e-06,-1.847594651956105e-06,864,5184
symdia_d0.3_c+0.0,diamond,0.3,25m,vert. flux merid. mom. v'w',0.5665649990173026,0.6991976255620006,0.7359481759584442,-0.11608631365219305,-0.1403834332397961,-2.1248289590670665e-06,-2.751108656730374e-06,864,5184
symdia_d0.3_c+0.0,diamond,0.3,25m,zonal heat flux u'T',0.4783217349162003,0.6125578173973639,0.6709387204700303,0.35552792693379953,0.3665849883625163,0.03255532237482524,0.03344289881995203,864,5184
symdia_d0.3_c+0.0,diamond,0.3,25m,merid. heat flux v'T',0.5449077148616446,0.622014929944695,0.6915346597715755,-0.12629147716225728,-0.12434135887466491,-0.01497048674826235,-0.014710773765918197,864,5184
symdia_d0.3_c+0.0,diamond,0.3,25m,vertical heat flux w'T',0.5077807389081831,0.6574780118374897,0.7034005348131698,0.06689714524949991,0.008736850173810946,1.6887501004879302e-06,2.3508165596931868e-07,864,5184
symdia_d0.3_c+0.0,diamond,0.3,25m,T-S,0.4233769183471175,0.5500795318851035,0.6036787996516148,0.05295865402360112,0.05697378645934684,0.002645264461746403,0.0028376727719299903,864,5184
symdia_d0.3_c+0.0,diamond,0.3,50m,Reynolds stress u'v',0.5623887521585242,0.6373377393172159,0.702116776377911,0.3858142064685273,0.38635826797815875,0.021945430566643807,0.021793795024835916,864,5184
symdia_d0.3_c+0.0,diamond,0.3,50m,vert. flux zonal mom. u'w',0.5454387069684152,0.7126988967552357,0.7364022092519492,-0.05960764310515611,-0.12372443752770101,-1.262638254213729e-06,-2.663854300840741e-06,864,5184
symdia_d0.3_c+0.0,diamond,0.3,50m,vert. flux merid. mom. v'w',0.5620460289008431,0.6938956781575308,0.7415025146066779,-0.1353529756602255,-0.16946120125471173,-3.929222785993541e-06,-5.076576843756856e-06,864,5184
symdia_d0.3_c+0.0,diamond,0.3,50m,zonal heat flux u'T',0.5215304194277381,0.6307153026981127,0.6805609053915908,0.42989942641485956,0.4585803263790165,0.0351453231907546,0.03694671328104729,864,5184
symdia_d0.3_c+0.0,diamond,0.3,50m,merid. heat flux v'T',0.5540688909949454,0.6388156200123113,0.7131372080074898,-0.046471139784344646,-0.042078356804505446,-0.005206499765534306,-0.004716989044965617,864,5184
symdia_d0.3_c+0.0,diamond,0.3,50m,vertical heat flux w'T',0.5317462867142768,0.6661695171399692,0.7173382762841612,0.07108767295384102,0.014481818802825288,2.9659780229291724e-06,6.196429785269162e-07,864,5184
symdia_d0.3_c+0.0,diamond,0.3,50m,T-S,0.44791099595128026,0.5908585347557859,0.6535709019940615,0.29664064175883065,0.303718885332272,0.012901673796876206,0.013189331544848923,864,5184
symdia_d0.3_c+0.0,diamond,0.3,75m,Reynolds stress u'v',0.5837002811368192,0.7092553740764957,0.748968636671951,0.25276546134330363,0.2643087832419275,0.01248229997879431,0.012934399062689476,864,5184
symdia_d0.3_c+0.0,diamond,0.3,75m,vert. flux zonal mom. u'w',0.555580572118945,0.7175726181587873,0.7577616835216362,-0.05440305948308967,-0.10257227086266774,-1.4189385499294112e-06,-2.7238651588733955e-06,864,5184
symdia_d0.3_c+0.0,diamond,0.3,75m,vert. flux merid. mom. v'w',0.5805684043375723,0.7206483291774427,0.7402893010679521,-0.21813098138153794,-0.21218172564825633,-5.89560174248653e-06,-5.871445393531308e-06,864,5184
symdia_d0.3_c+0.0,diamond,0.3,75m,zonal heat flux u'T',0.5138998968263414,0.6468055619099483,0.6658160522806575,-0.07635467594497322,-0.0706150987349159,-0.009304476833038346,-0.00852291045769472,864,5184
symdia_d0.3_c+0.0,diamond,0.3,75m,merid. heat flux v'T',0.5620322135685516,0.6981301686256571,0.7392700811712465,-0.04039560831873931,-0.04239863380697078,-0.0051010666088328995,-0.0053324112092138585,864,5184
symdia_d0.3_c+0.0,diamond,0.3,75m,vertical heat flux w'T',0.5550073746569506,0.7133134304497015,0.7418210225229589,-0.02916400213118802,-0.028870878151537407,-1.9450794341829332e-06,-1.9703924613165797e-06,864,5184
symdia_d0.3_c+0.0,diamond,0.3,75m,T-S,0.5353144840111334,0.6772598632014551,0.7253953077251883,0.5702587688362872,0.5839381552606997,0.02521628172653025,0.02543445992170167,864,5184
symdia_d0.3_c+0.0,diamond,0.3,depthavg,Reynolds stress u'v',0.5597114737497991,0.6696872155547909,0.7050423810076881,0.4129100968153958,0.41442993694832747,0.02283087065977624,0.022801162347200123,864,5184
symdia_d0.3_c+0.0,diamond,0.3,depthavg,vert. flux zonal mom. u'w',0.5740971277802568,0.6734140269388758,0.7450440589685438,-0.07490922313459528,-0.12794583488411498,-1.270394173370818e-06,-2.238842603542589e-06,864,5184
symdia_d0.3_c+0.0,diamond,0.3,depthavg,vert. flux merid. mom. v'w',0.5646260477076699,0.7253502879360151,0.7523524210415768,-0.15833738524062582,-0.17732401833416073,-3.5723501042206247e-06,-4.1647825740617775e-06,864,5184
symdia_d0.3_c+0.0,diamond,0.3,depthavg,zonal heat flux u'T',0.5021599654738299,0.5983693414074541,0.6451559262251908,0.44855105663701506,0.4667240633835408,0.03666280035322335,0.037886163533928735,864,5184
symdia_d0.3_c+0.0,diamond,0.3,depthavg,merid. heat flux v'T',0.5450361784786869,0.6400971758945626,0.7075524185175798,-0.07426672529973528,-0.07085805869409484,-0.008075610619325397,-0.0077203510012774715,864,5184
symdia_d0.3_c+0.0,diamond,0.3,depthavg,vertical heat flux w'T',0.5326180335691788,0.6815260117975975,0.7211438708426666,0.04650679746160643,0.0017398974147607167,1.5510784327693958e-06,6.029245692910915e-08,864,5184
symdia_d0.3_c+0.0,diamond,0.3,depthavg,T-S,0.45760233410059553,0.599159416389965,0.6411038657800916,0.3461478100202752,0.3527574628357682,0.014722174871039584,0.015003484584393356,864,5184
symdia_d0.5_c+0.0,diamond,0.5,25m,Reynolds stress u'v',0.569390759741194,0.715792196688887,0.7675338446257545,0.4523779247928379,0.46075514010704494,0.029696009480266006,0.03055560495443228,864,15552
symdia_d0.5_c+0.0,diamond,0.5,25m,vert. flux zonal mom. u'w',0.525613247482704,0.7015619091812634,0.7619866264402049,-0.025129201659732984,-0.09514364535321714,-3.6596131971940117e-07,-1.4926206894496522e-06,864,15552
symdia_d0.5_c+0.0,diamond,0.5,25m,vert. flux merid. mom. v'w',0.5384477173445231,0.7420047841672847,0.7739268572859522,-0.006602126383700752,-0.1181001679925722,-1.2386571470602348e-07,-2.405006237611764e-06,864,15552
symdia_d0.5_c+0.0,diamond,0.5,25m,zonal heat flux u'T',0.5179713959223349,0.6647487124983179,0.7297129461236898,0.3294084582687432,0.35653541516591347,0.0304557331158296,0.03245417235266617,864,15552
symdia_d0.5_c+0.0,diamond,0.5,25m,merid. heat flux v'T',0.5636718919923283,0.6771654217888685,0.7391757021927751,-0.12871473168224964,-0.12700471812519795,-0.015331101291027473,-0.015006649508037415,864,15552
symdia_d0.5_c+0.0,diamond,0.5,25m,vertical heat flux w'T',0.5017730893619488,0.6722076506206027,0.7065930865292775,0.0607159660755738,0.05213818947281653,1.604382112365418e-06,1.4573665687996256e-06,864,15552
symdia_d0.5_c+0.0,diamond,0.5,25m,T-S,0.48077482168417135,0.5870102014029794,0.6756211299779209,0.039353071523751317,0.05475045335575653,0.0019893000983099898,0.0027285842864471894,864,15552
symdia_d0.5_c+0.0,diamond,0.5,50m,Reynolds stress u'v',0.5579520409128788,0.6892245350879475,0.7566325268496634,0.3737934629075307,0.38610987771511285,0.021333580904422868,0.021927151730954934,864,15552
symdia_d0.5_c+0.0,diamond,0.5,50m,vert. flux zonal mom. u'w',0.5359609423288867,0.7209365267502456,0.7627925871603324,0.014315407269695877,-0.08600430375637254,3.0894020157026027e-07,-1.9061722490456107e-06,864,15552
symdia_d0.5_c+0.0,diamond,0.5,50m,vert. flux merid. mom. v'w',0.5540029954627503,0.7221542911757521,0.7766089331310141,-0.04039900870891898,-0.15092628026456614,-1.1766169069611778e-06,-4.606097103312227e-06,864,15552
symdia_d0.5_c+0.0,diamond,0.5,50m,zonal heat flux u'T',0.5283868027656234,0.6488225084918215,0.7188914039064005,0.40067857784410843,0.43200193178679225,0.03321590426022817,0.035146726101202626,864,15552
symdia_d0.5_c+0.0,diamond,0.5,50m,merid. heat flux v'T',0.5618676314281196,0.6968167227312001,0.7594724548742238,-0.04708383599840933,-0.046800367592904124,-0.00526763231261663,-0.005242937913819439,864,15552
symdia_d0.5_c+0.0,diamond,0.5,50m,vertical heat flux w'T',0.5246801560305199,0.6889750095167487,0.7476793476228958,0.021378277987046543,0.048603956616704795,9.043884243375527e-07,2.125043006597405e-06,864,15552
symdia_d0.5_c+0.0,diamond,0.5,50m,T-S,0.489513101632005,0.6278902517700713,0.683365180828435,0.2723146078964451,0.2964261354686474,0.011997343014968624,0.0129064001065058,864,15552
symdia_d0.5_c+0.0,diamond,0.5,75m,Reynolds stress u'v',0.5902305004914151,0.7354348276736464,0.790923640223418,0.24495206479758116,0.2582165045118754,0.012101447661705329,0.012706293280609288,864,15552
symdia_d0.5_c+0.0,diamond,0.5,75m,vert. flux zonal mom. u'w',0.5698132309688446,0.7164250161337027,0.7959694287934589,0.009125191517799055,-0.06705114224259717,2.3057503105322656e-07,-1.7760825137715056e-06,864,15552
symdia_d0.5_c+0.0,diamond,0.5,75m,vert. flux merid. mom. v'w',0.5774139439904759,0.7590391716837793,0.7935883573226428,-0.14031286133117007,-0.20909297053513182,-3.736453282308157e-06,-5.771041875571745e-06,864,15552
symdia_d0.5_c+0.0,diamond,0.5,75m,zonal heat flux u'T',0.5294113834154649,0.6549372119190117,0.7310841747258114,-0.0535992910994496,-0.07466011562108286,-0.006462215854242458,-0.009048291263727694,864,15552
symdia_d0.5_c+0.0,diamond,0.5,75m,merid. heat flux v'T',0.573260353512503,0.7215399907781953,0.7760369023220988,-0.037590915805088214,-0.042679598304200046,-0.004776360617065908,-0.005389594266141165,864,15552
symdia_d0.5_c+0.0,diamond,0.5,75m,vertical heat flux w'T',0.5636003107911639,0.7131491156861155,0.781110857971396,-0.04548792691383978,-0.030956739242752038,-2.95613601483403e-06,-2.104326083677945e-06,864,15552
symdia_d0.5_c+0.0,diamond,0.5,75m,T-S,0.5539318274043767,0.7089101656352552,0.751237735160424,0.5423330426579032,0.5691884601229429,0.02524336242875448,0.025206407258184464,864,15552
symdia_d0.5_c+0.0,diamond,0.5,depthavg,Reynolds stress u'v',0.5634852312497091,0.716081118172033,0.7634537476659062,0.4022161751244919,0.4135462398846702,0.02219798066892282,0.02282949226366892,864,15552
symdia_d0.5_c+0.0,diamond,0.5,depthavg,vert. flux zonal mom. u'w',0.5528621649206258,0.6902291948691909,0.7668829911045965,-0.004405306711508588,-0.09501954840953135,-7.570490455180333e-08,-1.6896023433893385e-06,864,15552
symdia_d0.5_c+0.0,diamond,0.5,depthavg,vert. flux merid. mom. v'w',0.5534500711477732,0.7037520869337762,0.7741435109835687,-0.060833152150236096,-0.16335056540840637,-1.3810713813584949e-06,-3.87927419591423e-06,864,15552
symdia_d0.5_c+0.0,diamond,0.5,depthavg,zonal heat flux u'T',0.531571919787614,0.6594188708560235,0.7469582168816894,0.4314382106682799,0.4486623701570047,0.0354021030945715,0.03655022202750365,864,15552
symdia_d0.5_c+0.0,diamond,0.5,depthavg,merid. heat flux v'T',0.5674304433173628,0.6894428643477044,0.7493391741417685,-0.07499582104096872,-0.07456147187230545,-0.008129717606922927,-0.008112283885510926,864,15552
symdia_d0.5_c+0.0,diamond,0.5,depthavg,vertical heat flux w'T',0.5265850795350616,0.6778103515980777,0.7482637015815068,0.01011316260011191,0.03130831012768269,3.41365254219915e-07,1.097204700680555e-06,864,15552
symdia_d0.5_c+0.0,diamond,0.5,depthavg,T-S,0.4851250729511243,0.6522210388130372,0.7336695390899,0.32247618923764165,0.3459911563514814,0.013857207609389762,0.014741936869552986,864,15552
symdia_d0.75_c+0.0,diamond,0.75,25m,Reynolds stress u'v',0.5720632906986451,0.7049990710610394,0.7900977784785024,0.43783385978409567,0.4566900062351608,0.028226287877211653,0.03014769055249183,864,34992
symdia_d0.75_c+0.0,diamond,0.75,25m,vert. flux zonal mom. u'w',0.5440725554090181,0.6742655788445487,0.7627239102137136,-0.04548066893370256,-0.05475297308515107,-6.680518759479489e-07,-8.808484796731162e-07,864,34992
symdia_d0.75_c+0.0,diamond,0.75,25m,vert. flux merid. mom. v'w',0.5395103414289609,0.7029747745451704,0.76454265919257,0.012092429810423796,-0.06778920672760125,2.2652758923610627e-07,-1.410385646841723e-06,864,34992
symdia_d0.75_c+0.0,diamond,0.75,25m,zonal heat flux u'T',0.5227275029534193,0.6815468581170937,0.7693764306535675,0.28903710588385423,0.33933304344386145,0.027188340263379667,0.031116098091113393,864,34992
symdia_d0.75_c+0.0,diamond,0.75,25m,merid. heat flux v'T',0.5629350107408848,0.6967669813942567,0.7785114569939092,-0.13069792590605991,-0.1289294636936074,-0.01567913053786943,-0.015289559762671118,864,34992
symdia_d0.75_c+0.0,diamond,0.75,25m,vertical heat flux w'T',0.5096338739854352,0.6397568847046022,0.7155321241627386,0.0891078718803316,0.07930469043306239,2.435612948243974e-06,2.291936815676887e-06,864,34992
symdia_d0.75_c+0.0,diamond,0.75,25m,T-S,0.5242572296507763,0.6037955558571763,0.7060546228793928,0.013702781690703296,0.04560083164001981,0.0007063642222281244,0.002289600744283843,864,34992
symdia_d0.75_c+0.0,diamond,0.75,50m,Reynolds stress u'v',0.5736722179154247,0.7257083684404237,0.7882570927612037,0.35735061915485894,0.37957172451335447,0.020445848995067073,0.021655641388929784,864,34992
symdia_d0.75_c+0.0,diamond,0.75,50m,vert. flux zonal mom. u'w',0.5336604087812756,0.6989032496285836,0.7660447371501692,-0.03957742841292933,-0.03426661051486499,-8.750781160663186e-07,-7.842018922096172e-07,864,34992
symdia_d0.75_c+0.0,diamond,0.75,50m,vert. flux merid. mom. v'w',0.5503191536527753,0.7280011253359457,0.7831011074910966,-0.0274017884038494,-0.09824482053816655,-8.039678943942309e-07,-3.0571057870582973e-06,864,34992
symdia_d0.75_c+0.0,diamond,0.75,50m,zonal heat flux u'T',0.5446505956465847,0.6854280264810607,0.7468964627912889,0.3559981915367008,0.40759963291221485,0.030232880231697994,0.0335910941964862,864,34992
symdia_d0.75_c+0.0,diamond,0.75,50m,merid. heat flux v'T',0.5758112600981253,0.7146408412004445,0.7842375665986571,-0.04611529573909478,-0.04857322599080941,-0.005196815235452991,-0.005442912849562588,864,34992
symdia_d0.75_c+0.0,diamond,0.75,50m,vertical heat flux w'T',0.5311686937852264,0.6849520846651799,0.7449731219453689,0.0320961389508877,0.05755164535451881,1.3977635495957642e-06,2.5868527976552206e-06,864,34992
symdia_d0.75_c+0.0,diamond,0.75,50m,T-S,0.543953638453445,0.6514264899976155,0.7390501881931872,0.23544479418363073,0.28194437834528846,0.010679302017701278,0.01237223017433154,864,34992
symdia_d0.75_c+0.0,diamond,0.75,75m,Reynolds stress u'v',0.6087959964874329,0.7323459805687326,0.7975792548262173,0.23288679220533007,0.24879205511591704,0.01138207279740555,0.012277371697457304,864,34992
symdia_d0.75_c+0.0,diamond,0.75,75m,vert. flux zonal mom. u'w',0.5759256793270108,0.7528828659677369,0.7976226145127406,-0.019055531828948296,-0.030510252235553297,-4.762073361035278e-07,-8.143756945085963e-07,864,34992
symdia_d0.75_c+0.0,diamond,0.75,75m,vert. flux merid. mom. v'w',0.5700412886320518,0.733653731616787,0.8009676805081797,-0.11379199889659516,-0.1785599756373849,-3.0998822656008544e-06,-4.997523676837681e-06,864,34992
symdia_d0.75_c+0.0,diamond,0.75,75m,zonal heat flux u'T',0.5569270689409332,0.6792522829479944,0.7657516737789718,-0.018121208001479306,-0.06686115079848332,-0.0021375104197146073,-0.008089878149416146,864,34992
symdia_d0.75_c+0.0,diamond,0.75,75m,merid. heat flux v'T',0.592956485184265,0.7307416654996087,0.7915470087736054,-0.020594236950353083,-0.03974155295861949,-0.0026480444209478443,-0.005042021622150748,864,34992
symdia_d0.75_c+0.0,diamond,0.75,75m,vertical heat flux w'T',0.5564228652702514,0.7118107061111991,0.783943315400095,-0.024103055221472054,-0.027361388122655733,-1.5847113336179154e-06,-1.8776217404992354e-06,864,34992
symdia_d0.75_c+0.0,diamond,0.75,75m,T-S,0.5500753726036731,0.7152610301925058,0.7760123739277522,0.5158158173001426,0.5476252573726813,0.02616922313874777,0.02507815148858256,864,34992
symdia_d0.75_c+0.0,diamond,0.75,depthavg,Reynolds stress u'v',0.5894748779163916,0.7299434878657745,0.8012436867136479,0.3861113586274843,0.4072051007751117,0.021153116859413547,0.0225060055913506,864,34992
symdia_d0.75_c+0.0,diamond,0.75,depthavg,vert. flux zonal mom. u'w',0.558330360335392,0.6990593675802675,0.7753634483220994,-0.042512847525519155,-0.048806533475718894,-7.394470766959913e-07,-8.877370073102175e-07,864,34992
symdia_d0.75_c+0.0,diamond,0.75,depthavg,vert. flux merid. mom. v'w',0.5591824295429806,0.6826419434321651,0.7759041931231483,-0.0461788140441214,-0.11657595717489698,-1.0551635691239308e-06,-2.8131450589606154e-06,864,34992
symdia_d0.75_c+0.0,diamond,0.75,depthavg,zonal heat flux u'T',0.5572430062667852,0.6804294018687181,0.7617578764892732,0.40607027144206076,0.43350066076798616,0.03355996630141458,0.035500574976199725,864,34992
symdia_d0.75_c+0.0,diamond,0.75,depthavg,merid. heat flux v'T',0.587328239170581,0.6966755560412861,0.7727282399800686,-0.07215208359430882,-0.07589656260655762,-0.007833562433717758,-0.008246022301114028,864,34992
symdia_d0.75_c+0.0,diamond,0.75,depthavg,vertical heat flux w'T',0.5488501166419155,0.6985508947568838,0.7632031813279185,0.0260675387102441,0.04330074952906391,8.985361815691737e-07,1.5482424158511632e-06,864,34992
symdia_d0.75_c+0.0,diamond,0.75,depthavg,T-S,0.5481382455107111,0.6642620930548404,0.7644412082771027,0.2873423927318846,0.3313485514959177,0.012655334237881396,0.014201621987555299,864,34992
symdia_d1.0_c+0.0,diamond,1.0,25m,Reynolds stress u'v',0.6136385248839645,0.7374584904691531,0.809060002853841,0.41915515963745353,0.45035592062976865,0.026789374117992423,0.029544003329268362,864,62208
symdia_d1.0_c+0.0,diamond,1.0,25m,vert. flux zonal mom. u'w',0.5180016426078062,0.6785991248126801,0.7541677372420232,0.008820513708393577,-0.03820503330952504,1.4119101224864305e-07,-6.317849345056526e-07,864,62208
symdia_d1.0_c+0.0,diamond,1.0,25m,vert. flux merid. mom. v'w',0.5346447617960259,0.6932082747027732,0.767706074907538,0.017603600525889444,-0.038178680926945395,3.497903440454436e-07,-8.116470541638247e-07,864,62208
symdia_d1.0_c+0.0,diamond,1.0,25m,zonal heat flux u'T',0.5489494693018451,0.6674410564345443,0.7502024268947857,0.2656441603251358,0.3188085821868086,0.02560776285389114,0.029531239152182635,864,62208
symdia_d1.0_c+0.0,diamond,1.0,25m,merid. heat flux v'T',0.5802989775911418,0.7053646298785865,0.7850529195868172,-0.13743972825772327,-0.13087202530352451,-0.016446625115809223,-0.01558461595256348,864,62208
symdia_d1.0_c+0.0,diamond,1.0,25m,vertical heat flux w'T',0.4950152120497972,0.6358378617285684,0.7164655957300846,0.15417544994057092,0.09692178892324624,4.620672114046641e-06,2.909416641030365e-06,864,62208
symdia_d1.0_c+0.0,diamond,1.0,25m,T-S,0.5643395454646323,0.6563955893557871,0.711933882633913,-0.004838160968302982,0.03327719882258278,-0.0002548177001384179,0.001687635125628731,864,62208
symdia_d1.0_c+0.0,diamond,1.0,50m,Reynolds stress u'v',0.5816959599977013,0.7221621137986097,0.8054945559042387,0.3438999278615835,0.37148046231075166,0.019521274560986623,0.021243729208379043,864,62208
symdia_d1.0_c+0.0,diamond,1.0,50m,vert. flux zonal mom. u'w',0.524140690486789,0.6951827232879461,0.7719522492959532,0.03673983409175799,-0.011062628411359177,8.717458845693101e-07,-2.6098024333866593e-07,864,62208
symdia_d1.0_c+0.0,diamond,1.0,50m,vert. flux merid. mom. v'w',0.5393559221063438,0.707167614123872,0.7735530435525934,-0.025021943517252246,-0.06722687593455506,-7.788380878890571e-07,-2.1343977177372023e-06,864,62208
symdia_d1.0_c+0.0,diamond,1.0,50m,zonal heat flux u'T',0.5448595697906697,0.6787593968083042,0.7556050767382081,0.32559263909237374,0.3840098277708359,0.02829575450509544,0.032052843136443715,864,62208
symdia_d1.0_c+0.0,diamond,1.0,50m,merid. heat flux v'T',0.6005391035712784,0.7441472308521591,0.7986688374448877,-0.05188864319533748,-0.049036083182276036,-0.005915513409499082,-0.005508369985579149,864,62208
symdia_d1.0_c+0.0,diamond,1.0,50m,vertical heat flux w'T',0.5172375998537321,0.6581982768838397,0.7454434006960197,0.09106434064245769,0.06320324804452906,4.339554088541892e-06,2.9288778180799877e-06,864,62208
symdia_d1.0_c+0.0,diamond,1.0,50m,T-S,0.5804463051975682,0.6819532530540336,0.7579611234557001,0.1958699416361318,0.264227390078809,0.009299661864032282,0.011742911670647315,864,62208
symdia_d1.0_c+0.0,diamond,1.0,75m,Reynolds stress u'v',0.6127178353610795,0.7752068489692762,0.8160116289528294,0.22130215993107663,0.23947737590620466,0.01065254325640246,0.0117693148780429,864,62208
symdia_d1.0_c+0.0,diamond,1.0,75m,vert. flux zonal mom. u'w',0.5747788731525281,0.7521009433334622,0.8076031215669306,0.01274572727965962,-0.005045001178034347,3.3190498868859744e-07,-1.3526266751122914e-07,864,62208
symdia_d1.0_c+0.0,diamond,1.0,75m,vert. flux merid. mom. v'w',0.5709807934315059,0.733479496092405,0.8001293068123064,-0.12887450754344304,-0.15187923065494194,-3.8089048832276995e-06,-4.338674818182468e-06,864,62208
symdia_d1.0_c+0.0,diamond,1.0,75m,zonal heat flux u'T',0.5707102940782073,0.6947125879741988,0.7639905224709038,0.0066108263095141645,-0.052253450775862555,0.000758079942601069,-0.006264610170715889,864,62208
symdia_d1.0_c+0.0,diamond,1.0,75m,merid. heat flux v'T',0.5988159666188699,0.7548523683072315,0.8116150887590861,-0.008799117789080236,-0.03202603372824756,-0.0011452026413484523,-0.004090950912829069,864,62208
symdia_d1.0_c+0.0,diamond,1.0,75m,vertical heat flux w'T',0.5732643358956545,0.7334851908519919,0.7872021265283682,-0.009524613692469283,-0.020134989655258527,-6.706131799278896e-07,-1.4031448511818255e-06,864,62208
symdia_d1.0_c+0.0,diamond,1.0,75m,T-S,0.5586998550127174,0.7138304244624446,0.7767909042471706,0.47891522303684597,0.5298715063889987,0.026378348646258338,0.025315341407929463,864,62208
symdia_d1.0_c+0.0,diamond,1.0,depthavg,Reynolds stress u'v',0.5886348413007255,0.7571478645150801,0.8066247894998192,0.3705595980316605,0.39921170657436694,0.02011762068821245,0.022018121832038336,864,62208
symdia_d1.0_c+0.0,diamond,1.0,depthavg,vert. flux zonal mom. u'w',0.5383435398011875,0.7175427560630891,0.7835091345587356,0.011892244931422012,-0.02464710402310292,2.227472561909943e-07,-4.592935099262395e-07,864,62208
symdia_d1.0_c+0.0,diamond,1.0,depthavg,vert. flux merid. mom. v'w',0.5566669476736191,0.7086167507360719,0.7762723417126441,-0.045898729435298866,-0.08585636574971095,-1.1181062377934494e-06,-2.1130596517120904e-06,864,62208
symdia_d1.0_c+0.0,diamond,1.0,depthavg,zonal heat flux u'T',0.5655222406659094,0.6860976411654959,0.7757760056043916,0.3914540373924265,0.419890433433733,0.0326356121074402,0.03453528547879498,864,62208
symdia_d1.0_c+0.0,diamond,1.0,depthavg,merid. heat flux v'T',0.5928333747117264,0.7297408254482762,0.7912023337294228,-0.07799630468229454,-0.0756088796642899,-0.008457050074986103,-0.008213243884003258,864,62208
symdia_d1.0_c+0.0,diamond,1.0,depthavg,vertical heat flux w'T',0.5356136923687029,0.6816039695167995,0.7626903055755491,0.08962016423741567,0.052214179123388174,3.3525910355458857e-06,1.91636300816721e-06,864,62208
symdia_d1.0_c+0.0,diamond,1.0,depthavg,T-S,0.5776059234428889,0.6815988475894151,0.7730725389912229,0.25172793499361323,0.3137155800578973,0.011474574842966578,0.013587033810106935,864,62208
